2004,1,27,2,900,900,1442,1444,UA,484,N560UA,222,224,201,-2,0,PDX,ORD,1739,6,15,0,,0,0,0,0,0,0
2004,1,28,3,903,900,1432,1444,UA,484,N541UA,209,224,192,-12,3,PDX,ORD,1739,4,13,0,,0,0,0,0,0,0
2004,1,29,4,919,900,1452,1444,UA,484,N530UA,213,224,198,8,19,PDX,ORD,1739,5,10,0,,0,0,0,0,0,0
2004,1,30,5,909,900,1448,1444,UA,484,N538UA,219,224,193,4,9,PDX,ORD,1739,10,16,0,,0,0,0,0,0,0
2004,1,31,6,858,900,1429,1444,UA,484,N539UA,211,224,196,-15,-2,PDX,ORD,1739,5,10,0,,0,0,0,0,0,0
2004,1,7,3,642,640,753,753,UA,485,N340UA,131,133,111,0,2,SAT,DEN,794,10,10,0,,0,0,0,0,0,0
2004,1,8,4,634,640,736,753,UA,485,N924UA,122,133,110,-17,-6,SAT,DEN,794,4,8,0,,0,0,0,0,0,0
2004,1,9,5,634,640,744,753,UA,485,N918UA,130,133,115,-9,-6,SAT,DEN,794,5,10,0,,0,0,0,0,0,0
2004,1,10,6,635,640,804,753,UA,485,N912UA,149,133,109,11,-5,SAT,DEN,794,10,30,0,,0,0,0,0,0,0
2004,1,11,7,635,640,736,753,UA,485,N380UA,121,133,108,-17,-5,SAT,DEN,794,7,6,0,,0,0,0,0,0,0
2004,1,12,1,632,640,801,753,UA,485,N363UA,149,133,114,8,-8,SAT,DEN,794,16,19,0,,0,0,0,0,0,0
2004,1,13,2,636,640,748,753,UA,485,N933UA,132,133,114,-5,-4,SAT,DEN,794,10,8,0,,0,0,0,0,0,0
2004,1,14,3,637,640,749,753,UA,485,N934UA,132,133,120,-4,-3,SAT,DEN,794,5,7,0,,0,0,0,0,0,0
2004,1,15,4,638,640,738,753,UA,485,N388UA,120,133,105,-15,-2,SAT,DEN,794,7,8,0,,0,0,0,0,0,0
2004,1,16,5,639,640,739,753,UA,485,N923UA,120,133,101,-14,-1,SAT,DEN,794,9,10,0,,0,0,0,0,0,0
2004,1,17,6,638,640,730,753,UA,485,N926UA,112,133,100,-23,-2,SAT,DEN,794,5,7,0,,0,0,0,0,0,0
2004,1,18,7,636,640,742,753,UA,485,N302UA,126,133,114,-11,-4,SAT,DEN,794,4,8,0,,0,0,0,0,0,0
2004,1,19,1,635,640,744,753,UA,485,N914UA,129,133,114,-9,-5,SAT,DEN,794,6,9,0,,0,0,0,0,0,0
2004,1,20,2,634,640,732,753,UA,485,N928UA,118,133,109,-21,-6,SAT,DEN,794,3,6,0,,0,0,0,0,0,0
2004,1,21,3,637,640,743,753,UA,485,N924UA,126,133,114,-10,-3,SAT,DEN,794,5,7,0,,0,0,0,0,0,0
2004,1,22,4,637,640,746,753,UA,485,N932UA,129,133,111,-7,-3,SAT,DEN,794,10,8,0,,0,0,0,0,0,0
2004,1,23,5,637,640,756,753,UA,485,N912UA,139,133,116,3,-3,SAT,DEN,794,9,14,0,,0,0,0,0,0,0
2004,1,24,6,632,640,733,753,UA,485,N930UA,121,133,102,-20,-8,SAT,DEN,794,9,10,0,,0,0,0,0,0,0
2004,1,25,7,649,640,751,753,UA,485,N343UA,122,133,108,-2,9,SAT,DEN,794,6,8,0,,0,0,0,0,0,0
2004,1,26,1,634,640,741,753,UA,485,N303UA,127,133,108,-12,-6,SAT,DEN,794,11,8,0,,0,0,0,0,0,0
2004,1,27,2,632,640,749,753,UA,485,N327UA,137,133,116,-4,-8,SAT,DEN,794,13,8,0,,0,0,0,0,0,0
2004,1,28,3,636,640,746,753,UA,485,N391UA,130,133,109,-7,-4,SAT,DEN,794,11,10,0,,0,0,0,0,0,0
2004,1,29,4,633,640,738,753,UA,485,N339UA,125,133,112,-15,-7,SAT,DEN,794,4,9,0,,0,0,0,0,0,0
2004,1,30,5,637,640,804,753,UA,485,N920UA,147,133,119,11,-3,SAT,DEN,794,12,16,0,,0,0,0,0,0,0
2004,1,31,6,650,640,755,753,UA,485,N363UA,125,133,112,2,10,SAT,DEN,794,5,8,0,,0,0,0,0,0,0
2004,1,1,4,1026,1025,1321,1244,UA,486,N533UA,295,259,251,37,1,ORD,PDX,1739,15,29,0,,0,0,0,37,0,0
2004,1,2,5,1113,1025,1327,1244,UA,486,N575UA,254,259,235,43,48,ORD,PDX,1739,4,15,0,,0,11,0,0,0,32
2004,1,3,6,1042,1025,1256,1244,UA,486,N524UA,254,259,241,12,17,ORD,PDX,1739,3,10,0,,0,0,0,0,0,0
2004,1,4,7,1136,1025,1504,1244,UA,486,N517UA,328,259,251,140,71,ORD,PDX,1739,5,72,0,,0,68,0,69,0,3
2004,1,5,1,1025,1025,1249,1244,UA,486,N501UA,264,259,240,5,0,ORD,PDX,1739,5,19,0,,0,0,0,0,0,0
2004,1,6,2,1053,1025,1327,1244,UA,486,N532UA,274,259,253,43,28,ORD,PDX,1739,5,16,0,,0,22,0,15,0,6
2004,1,7,3,900,900,1153,1152,UA,486,N814UA,113,112,87,1,0,ORD,PHL,678,9,17,0,,0,0,0,0,0,0
2004,1,8,4,855,900,1151,1152,UA,486,N830UA,116,112,88,-1,-5,ORD,PHL,678,18,10,0,,0,0,0,0,0,0
2004,1,9,5,855,900,1143,1152,UA,486,N823UA,108,112,85,-9,-5,ORD,PHL,678,5,18,0,,0,0,0,0,0,0
2004,1,10,6,857,900,1158,1152,UA,486,N803UA,121,112,84,6,-3,ORD,PHL,678,7,30,0,,0,0,0,0,0,0
2004,1,11,7,925,930,1212,1222,UA,486,N851UA,107,112,89,-10,-5,ORD,PHL,678,4,14,0,,0,0,0,0,0,0
2004,1,12,1,859,900,1139,1152,UA,486,N804UA,100,112,83,-13,-1,ORD,PHL,678,3,14,0,,0,0,0,0,0,0
2004,1,13,2,849,900,1127,1152,UA,486,N806UA,98,112,82,-25,-11,ORD,PHL,678,3,13,0,,0,0,0,0,0,0
2004,1,14,3,855,900,1152,1152,UA,486,N839UA,117,112,87,0,-5,ORD,PHL,678,8,22,0,,0,0,0,0,0,0
2004,1,15,4,857,900,1145,1152,UA,486,N830UA,108,112,83,-7,-3,ORD,PHL,678,5,20,0,,0,0,0,0,0,0
2004,1,16,5,858,900,1144,1152,UA,486,N848UA,106,112,84,-8,-2,ORD,PHL,678,7,15,0,,0,0,0,0,0,0
2004,1,17,6,950,900,1237,1152,UA,486,N829UA,107,112,87,45,50,ORD,PHL,678,4,16,0,,0,45,0,0,0,0
2004,1,18,7,928,930,1209,1222,UA,486,N826UA,101,112,90,-13,-2,ORD,PHL,678,2,9,0,,0,0,0,0,0,0
2004,1,19,1,857,900,1137,1152,UA,486,N824UA,100,112,81,-15,-3,ORD,PHL,678,8,11,0,,0,0,0,0,0,0
2004,1,20,2,855,900,1137,1152,UA,486,N813UA,102,112,81,-15,-5,ORD,PHL,678,3,18,0,,0,0,0,0,0,0
2004,1,21,3,852,900,1150,1152,UA,486,N833UA,118,112,89,-2,-8,ORD,PHL,678,9,20,0,,0,0,0,0,0,0
2004,1,22,4,855,900,1152,1152,UA,486,N851UA,117,112,86,0,-5,ORD,PHL,678,6,25,0,,0,0,0,0,0,0
2004,1,23,5,900,900,1149,1152,UA,486,N843UA,109,112,88,-3,0,ORD,PHL,678,4,17,0,,0,0,0,0,0,0
2004,1,24,6,900,900,1141,1152,UA,486,N820UA,101,112,76,-11,0,ORD,PHL,678,5,20,0,,0,0,0,0,0,0
2004,1,25,7,924,930,1206,1222,UA,486,N842UA,102,112,85,-16,-6,ORD,PHL,678,4,13,0,,0,0,0,0,0,0
2004,1,26,1,903,900,1207,1152,UA,486,N803UA,124,112,84,15,3,ORD,PHL,678,7,33,0,,0,0,0,15,0,0
2004,1,27,2,904,900,1152,1152,UA,486,N821UA,108,112,85,0,4,ORD,PHL,678,7,16,0,,0,0,0,0,0,0
2004,1,28,3,904,900,1200,1152,UA,486,N826UA,116,112,86,8,4,ORD,PHL,678,8,22,0,,0,0,0,0,0,0
2004,1,29,4,916,900,1215,1152,UA,486,N813UA,119,112,90,23,16,ORD,PHL,678,6,23,0,,0,16,0,7,0,0
2004,1,30,5,855,900,1150,1152,UA,486,N827UA,115,112,85,-2,-5,ORD,PHL,678,6,24,0,,0,0,0,0,0,0
2004,1,31,6,854,900,1153,1152,UA,486,N463UA,119,112,86,1,-6,ORD,PHL,678,5,28,0,,0,0,0,0,0,0
2004,1,1,4,743,745,924,919,UA,486,N533UA,161,154,145,5,-2,PVD,ORD,849,4,12,0,,0,0,0,0,0,0
2004,1,2,5,838,745,1011,919,UA,486,N575UA,153,154,137,52,53,PVD,ORD,849,6,10,0,,0,0,0,52,0,0
2004,1,3,6,748,745,926,919,UA,486,N524UA,158,154,143,7,3,PVD,ORD,849,5,10,0,,0,0,0,0,0,0
2004,1,4,7,745,745,938,919,UA,486,N517UA,173,154,155,19,0,PVD,ORD,849,7,11,0,,0,0,0,19,0,0
2004,1,5,1,NA,745,NA,919,UA,486,000000,NA,154,NA,NA,NA,PVD,ORD,849,0,0,1,C,0,0,0,0,0,0
2004,1,6,2,750,745,941,919,UA,486,N532UA,171,154,139,22,5,PVD,ORD,849,3,29,0,,0,0,0,22,0,0
2004,1,1,4,1250,1200,1359,1313,UA,487,N320UA,129,133,109,46,50,PHL,ORD,678,6,14,0,,0,46,0,0,0,0
2004,1,2,5,1445,1200,1636,1313,UA,487,N952UA,171,133,141,203,165,PHL,ORD,678,6,24,0,,0,0,0,203,0,0
2004,1,3,6,1200,1200,1318,1313,UA,487,N944UA,138,133,117,5,0,PHL,ORD,678,7,14,0,,0,0,0,0,0,0
2004,1,4,7,1639,1200,1806,1313,UA,487,N951UA,147,133,128,293,279,PHL,ORD,678,7,12,0,,0,0,0,293,0,0
2004,1,5,1,NA,1200,NA,1313,UA,487,000000,NA,133,NA,NA,NA,PHL,ORD,678,0,0,1,C,0,0,0,0,0,0
2004,1,6,2,1200,1200,1321,1313,UA,487,N949UA,141,133,124,8,0,PHL,ORD,678,5,12,0,,0,0,0,0,0,0
2004,1,7,3,1155,1200,1316,1315,UA,487,N308UA,141,135,120,1,-5,PHL,ORD,678,8,13,0,,0,0,0,0,0,0
2004,1,8,4,1154,1200,1334,1315,UA,487,N316UA,160,135,130,19,-6,PHL,ORD,678,13,17,0,,0,0,0,19,0,0
2004,1,9,5,1159,1200,1317,1315,UA,487,N301UA,138,135,112,2,-1,PHL,ORD,678,12,14,0,,0,0,0,0,0,0
2004,1,12,1,1244,1200,1404,1315,UA,487,N351UA,140,135,117,49,44,PHL,ORD,678,8,15,0,,0,0,0,49,0,0
2004,1,13,2,1151,1200,1311,1315,UA,487,N338UA,140,135,117,-4,-9,PHL,ORD,678,9,14,0,,0,0,0,0,0,0
2004,1,14,3,1153,1200,1309,1315,UA,487,N306UA,136,135,120,-6,-7,PHL,ORD,678,3,13,0,,0,0,0,0,0,0
2004,1,15,4,1158,1200,1408,1315,UA,487,N341UA,190,135,118,53,-2,PHL,ORD,678,11,61,0,,0,0,0,53,0,0
2004,1,16,5,1159,1200,1322,1315,UA,487,N353UA,143,135,118,7,-1,PHL,ORD,678,8,17,0,,0,0,0,0,0,0
2004,1,19,1,1157,1200,1314,1315,UA,487,N302UA,137,135,116,-1,-3,PHL,ORD,678,8,13,0,,0,0,0,0,0,0
2004,1,20,2,1149,1200,1311,1315,UA,487,N353UA,142,135,120,-4,-11,PHL,ORD,678,9,13,0,,0,0,0,0,0,0
2004,1,21,3,1155,1200,1321,1315,UA,487,N202UA,146,135,128,6,-5,PHL,ORD,678,4,14,0,,0,0,0,0,0,0
2004,1,22,4,1152,1200,1322,1315,UA,487,N306UA,150,135,121,7,-8,PHL,ORD,678,6,23,0,,0,0,0,0,0,0
2004,1,23,5,1449,1200,1641,1315,UA,487,N941UA,172,135,156,206,169,PHL,ORD,678,7,9,0,,0,169,0,37,0,0
2004,1,26,1,1206,1200,1407,1315,UA,487,N312UA,181,135,129,52,6,PHL,ORD,678,7,45,0,,0,0,6,46,0,0
2004,1,27,2,1200,1200,1343,1315,UA,487,N308UA,163,135,113,28,0,PHL,ORD,678,6,44,0,,0,0,0,28,0,0
2004,1,28,3,NA,1200,NA,1315,UA,487,000000,NA,135,NA,NA,NA,PHL,ORD,678,0,0,1,B,0,0,0,0,0,0
2004,1,29,4,1241,1200,1439,1315,UA,487,N368UA,178,135,125,84,41,PHL,ORD,678,10,43,0,,0,0,0,84,0,0
2004,1,30,5,1152,1200,1325,1315,UA,487,N303UA,153,135,112,10,-8,PHL,ORD,678,13,28,0,,0,0,0,0,0,0
2004,1,7,3,1043,1047,1558,1615,UA,488,N513UA,195,208,168,-17,-4,LAS,ORD,1515,12,15,0,,0,0,0,0,0,0
2004,1,8,4,1043,1047,1555,1615,UA,488,N507UA,192,208,168,-20,-4,LAS,ORD,1515,5,19,0,,0,0,0,0,0,0
2004,1,9,5,1039,1047,1622,1615,UA,488,N560UA,223,208,199,7,-8,LAS,ORD,1515,7,17,0,,0,0,0,0,0,0
2004,1,10,6,1046,1047,1619,1615,UA,488,N563UA,213,208,195,4,-1,LAS,ORD,1515,4,14,0,,0,0,0,0,0,0
2004,1,11,7,1103,1045,1622,1615,UA,488,N853UA,199,210,181,7,18,LAS,ORD,1515,7,11,0,,0,0,0,0,0,0
2004,1,12,1,1051,1047,1635,1615,UA,488,N511UA,224,208,176,20,4,LAS,ORD,1515,25,23,0,,0,0,0,20,0,0
2004,1,13,2,1045,1047,1611,1615,UA,488,N539UA,206,208,184,-4,-2,LAS,ORD,1515,11,11,0,,0,0,0,0,0,0
2004,1,14,3,1041,1047,1637,1615,UA,488,N567UA,236,208,196,22,-6,LAS,ORD,1515,6,34,0,,0,0,0,22,0,0
2004,1,15,4,1040,1047,1609,1615,UA,488,N522UA,209,208,187,-6,-7,LAS,ORD,1515,9,13,0,,0,0,0,0,0,0
2004,1,16,5,1125,1047,1646,1615,UA,488,N568UA,201,208,179,31,38,LAS,ORD,1515,7,15,0,,0,31,0,0,0,0
2004,1,17,6,1050,1047,1618,1615,UA,488,N581UA,208,208,193,3,3,LAS,ORD,1515,3,12,0,,0,0,0,0,0,0
2004,1,18,7,1046,1045,1618,1615,UA,488,N808UA,212,210,189,3,1,LAS,ORD,1515,7,16,0,,0,0,0,0,0,0
2004,1,19,1,1104,1047,1624,1615,UA,488,N592UA,200,208,173,9,17,LAS,ORD,1515,11,16,0,,0,0,0,0,0,0
2004,1,20,2,1045,1047,1610,1615,UA,488,N575UA,205,208,178,-5,-2,LAS,ORD,1515,11,16,0,,0,0,0,0,0,0
2004,1,21,3,1046,1047,1613,1615,UA,488,N514UA,207,208,180,-2,-1,LAS,ORD,1515,4,23,0,,0,0,0,0,0,0
2004,1,22,4,1053,1047,1622,1615,UA,488,N523UA,209,208,187,7,6,LAS,ORD,1515,5,17,0,,0,0,0,0,0,0
2004,1,23,5,1047,1047,1658,1615,UA,488,N506UA,251,208,217,43,0,LAS,ORD,1515,5,29,0,,0,0,0,43,0,0
2004,1,24,6,1048,1047,1618,1615,UA,488,N541UA,210,208,183,3,1,LAS,ORD,1515,14,13,0,,0,0,0,0,0,0
2004,1,25,7,1041,1045,1601,1615,UA,488,N420UA,200,210,175,-14,-4,LAS,ORD,1515,9,16,0,,0,0,0,0,0,0
2004,1,26,1,1049,1047,1831,1615,UA,488,N530UA,342,208,184,136,2,LAS,ORD,1515,7,151,0,,0,0,0,136,0,0
2004,1,27,2,1051,1047,1626,1615,UA,488,N514UA,215,208,193,11,4,LAS,ORD,1515,8,14,0,,0,0,0,0,0,0
2004,1,28,3,1149,1047,1728,1615,UA,488,N564UA,219,208,197,73,62,LAS,ORD,1515,6,16,0,,0,0,0,73,0,0
2004,1,29,4,1049,1047,1720,1615,UA,488,N533UA,271,208,183,65,2,LAS,ORD,1515,10,78,0,,0,0,0,65,0,0
2004,1,30,5,1100,1047,1610,1615,UA,488,N517UA,190,208,169,-5,13,LAS,ORD,1515,5,16,0,,0,0,0,0,0,0
2004,1,31,6,1100,1047,1618,1615,UA,488,N518UA,198,208,173,3,13,LAS,ORD,1515,7,18,0,,0,0,0,0,0,0
2004,1,1,4,847,850,1422,1442,UA,488,N580UA,215,232,191,-20,-3,SEA,ORD,1721,6,18,0,,0,0,0,0,0,0
2004,1,2,5,849,850,1542,1442,UA,488,N574UA,293,232,196,60,-1,SEA,ORD,1721,7,90,0,,0,0,0,60,0,0
2004,1,3,6,900,850,1442,1442,UA,488,N526UA,222,232,190,0,10,SEA,ORD,1721,9,23,0,,0,0,0,0,0,0
2004,1,4,7,1057,850,1642,1442,UA,488,N558UA,225,232,201,120,127,SEA,ORD,1721,10,14,0,,0,0,0,120,0,0
2004,1,5,1,854,850,1445,1442,UA,488,N586UA,231,232,198,3,4,SEA,ORD,1721,4,29,0,,0,0,0,0,0,0
2004,1,6,2,848,850,1516,1442,UA,488,N581UA,268,232,203,34,-2,SEA,ORD,1721,7,58,0,,0,0,0,34,0,0
2004,1,1,4,1454,1455,1552,1555,UA,489,N492UA,118,120,93,-3,-1,ATL,ORD,606,7,18,0,,0,0,0,0,0,0
2004,1,2,5,1930,1455,2118,1555,UA,489,N438UA,168,120,91,323,275,ATL,ORD,606,4,73,0,,0,0,0,323,0,0
2004,1,3,6,1503,1455,1558,1555,UA,489,N444UA,115,120,87,3,8,ATL,ORD,606,13,15,0,,0,0,0,0,0,0
2004,1,4,7,NA,1455,NA,1555,UA,489,000000,NA,120,NA,NA,NA,ATL,ORD,606,0,0,1,C,0,0,0,0,0,0
2004,1,5,1,1541,1455,1651,1555,UA,489,N481UA,130,120,99,56,46,ATL,ORD,606,6,25,0,,0,0,0,56,0,0
2004,1,6,2,1601,1455,1750,1555,UA,489,N467UA,169,120,114,115,66,ATL,ORD,606,7,48,0,,0,0,0,115,0,0
2004,1,7,3,1920,1920,1947,1945,UA,489,N933UA,87,85,65,2,0,CMH,ORD,296,5,17,0,,0,0,0,0,0,0
2004,1,8,4,1929,1920,1950,1945,UA,489,N333UA,81,85,56,5,9,CMH,ORD,296,11,14,0,,0,0,0,0,0,0
2004,1,9,5,1915,1920,1947,1945,UA,489,N950UA,92,85,55,2,-5,CMH,ORD,296,20,17,0,,0,0,0,0,0,0
2004,1,11,7,1922,1920,2025,1945,UA,489,N907UA,123,85,76,40,2,CMH,ORD,296,7,40,0,,0,0,0,38,0,2
2004,1,12,1,2005,1920,2035,1945,UA,489,N956UA,90,85,71,50,45,CMH,ORD,296,5,14,0,,0,0,0,50,0,0
2004,1,13,2,1913,1920,1939,1945,UA,489,N319UA,86,85,58,-6,-7,CMH,ORD,296,11,17,0,,0,0,0,0,0,0
2004,1,14,3,1953,1920,2018,1945,UA,489,N924UA,85,85,54,33,33,CMH,ORD,296,7,24,0,,0,0,0,0,0,33
2004,1,15,4,1912,1920,1955,1945,UA,489,N952UA,103,85,72,10,-8,CMH,ORD,296,9,22,0,,0,0,0,0,0,0
2004,1,16,5,1916,1920,1938,1945,UA,489,N938UA,82,85,64,-7,-4,CMH,ORD,296,5,13,0,,0,0,0,0,0,0
2004,1,18,7,1910,1920,1923,1945,UA,489,N953UA,73,85,55,-22,-10,CMH,ORD,296,12,6,0,,0,0,0,0,0,0
2004,1,19,1,1917,1920,1953,1945,UA,489,N945UA,96,85,57,8,-3,CMH,ORD,296,11,28,0,,0,0,0,0,0,0
2004,1,20,2,1912,1920,1925,1945,UA,489,N955UA,73,85,56,-20,-8,CMH,ORD,296,11,6,0,,0,0,0,0,0,0
2004,1,21,3,1950,1920,2049,1945,UA,489,N939UA,119,85,73,64,30,CMH,ORD,296,8,38,0,,0,0,0,64,0,0
2004,1,22,4,1920,1920,1947,1945,UA,489,N938UA,87,85,64,2,0,CMH,ORD,296,5,18,0,,0,0,0,0,0,0
2004,1,23,5,2032,1920,2226,1945,UA,489,N373UA,174,85,68,161,72,CMH,ORD,296,7,99,0,,0,0,0,139,0,22
2004,1,25,7,2012,1920,2101,1945,UA,489,N952UA,109,85,52,76,52,CMH,ORD,296,10,47,0,,0,0,0,76,0,0
2004,1,26,1,1938,1920,2017,1945,UA,489,N914UA,99,85,53,32,18,CMH,ORD,296,14,32,0,,0,0,0,16,0,16
2004,1,27,2,1911,1920,2010,1945,UA,489,N949UA,119,85,56,25,-9,CMH,ORD,296,9,54,0,,0,0,0,25,0,0
2004,1,28,3,1934,1920,2031,1945,UA,489,N329UA,117,85,62,46,14,CMH,ORD,296,5,50,0,,0,0,0,46,0,0
2004,1,29,4,2026,1920,2111,1945,UA,489,N901UA,105,85,60,86,66,CMH,ORD,296,29,16,0,,0,0,16,20,0,50
2004,1,30,5,1910,1920,1956,1945,UA,489,N945UA,106,85,56,11,-10,CMH,ORD,296,7,43,0,,0,0,0,0,0,0
2004,1,1,4,1650,1650,1937,1926,UA,489,N477UA,287,276,264,11,0,ORD,SJC,1829,6,17,0,,0,0,0,0,0,0
2004,1,2,5,2024,1650,4,1926,UA,489,N488UA,340,276,297,278,214,ORD,SJC,1829,5,38,0,,0,0,0,65,0,213
2004,1,3,6,1710,1650,1957,1926,UA,489,N444UA,287,276,269,31,20,ORD,SJC,1829,7,11,0,,0,20,0,11,0,0
2004,1,4,7,2045,1650,2352,1926,UA,489,N464UA,307,276,262,266,235,ORD,SJC,1829,6,39,0,,0,8,0,31,0,227
2004,1,5,1,1748,1650,2034,1926,UA,489,N481UA,286,276,263,68,58,ORD,SJC,1829,7,16,0,,0,17,0,10,0,41
2004,1,6,2,1652,1650,1950,1926,UA,489,N834UA,298,276,280,24,2,ORD,SJC,1829,5,13,0,,0,0,0,24,0,0
2004,1,1,4,1237,1231,1517,1516,UA,490,N947UA,100,105,83,1,6,DEN,DFW,641,7,10,0,,0,0,0,0,0,0
2004,1,2,5,1311,1231,1550,1516,UA,490,N901UA,99,105,85,34,40,DEN,DFW,641,4,10,0,,0,0,0,0,0,34
2004,1,3,6,1230,1231,1551,1516,UA,490,N907UA,141,105,85,35,-1,DEN,DFW,641,6,50,0,,0,0,0,35,0,0
2004,1,4,7,1303,1231,1551,1516,UA,490,N349UA,108,105,90,35,32,DEN,DFW,641,6,12,0,,0,16,0,3,0,16
2004,1,5,1,1241,1231,1519,1516,UA,490,N957UA,98,105,82,3,10,DEN,DFW,641,6,10,0,,0,0,0,0,0,0
2004,1,6,2,1443,1231,1723,1516,UA,490,N947UA,100,105,84,127,132,DEN,DFW,641,4,12,0,,0,19,0,0,0,108
2004,1,7,3,836,840,1339,1348,UA,490,N476UA,183,188,163,-9,-4,DEN,IAD,1452,8,12,0,,0,0,0,0,0,0
2004,1,8,4,837,840,1330,1348,UA,490,N496UA,173,188,158,-18,-3,DEN,IAD,1452,6,9,0,,0,0,0,0,0,0
2004,1,9,5,837,840,1338,1348,UA,490,N476UA,181,188,167,-10,-3,DEN,IAD,1452,5,9,0,,0,0,0,0,0,0
2004,1,10,6,839,840,1348,1348,UA,490,N813UA,189,188,172,0,-1,DEN,IAD,1452,4,13,0,,0,0,0,0,0,0
2004,1,11,7,838,840,1341,1348,UA,490,N434UA,183,188,162,-7,-2,DEN,IAD,1452,6,15,0,,0,0,0,0,0,0
2004,1,12,1,837,840,1334,1348,UA,490,N476UA,177,188,163,-14,-3,DEN,IAD,1452,6,8,0,,0,0,0,0,0,0
2004,1,13,2,839,840,1354,1348,UA,490,N485UA,195,188,165,6,-1,DEN,IAD,1452,6,24,0,,0,0,0,0,0,0
2004,1,14,3,834,840,1356,1348,UA,490,N449UA,202,188,171,8,-6,DEN,IAD,1452,6,25,0,,0,0,0,0,0,0
2004,1,15,4,837,840,1341,1348,UA,490,N455UA,184,188,166,-7,-3,DEN,IAD,1452,5,13,0,,0,0,0,0,0,0
2004,1,16,5,838,840,1345,1348,UA,490,N470UA,187,188,165,-3,-2,DEN,IAD,1452,6,16,0,,0,0,0,0,0,0
2004,1,17,6,838,840,1344,1348,UA,490,N855UA,186,188,170,-4,-2,DEN,IAD,1452,4,12,0,,0,0,0,0,0,0
2004,1,18,7,NA,840,NA,1348,UA,490,000000,NA,188,NA,NA,NA,DEN,IAD,1452,0,0,1,A,0,0,0,0,0,0
2004,1,19,1,838,840,1348,1348,UA,490,N489UA,190,188,169,0,-2,DEN,IAD,1452,6,15,0,,0,0,0,0,0,0
2004,1,20,2,836,840,1341,1348,UA,490,N836UA,185,188,163,-7,-4,DEN,IAD,1452,5,17,0,,0,0,0,0,0,0
2004,1,21,3,834,840,1406,1348,UA,490,N456UA,212,188,170,18,-6,DEN,IAD,1452,5,37,0,,0,0,0,18,0,0
2004,1,22,4,836,840,1327,1348,UA,490,N489UA,171,188,155,-21,-4,DEN,IAD,1452,5,11,0,,0,0,0,0,0,0
2004,1,23,5,836,840,1341,1348,UA,490,N806UA,185,188,167,-7,-4,DEN,IAD,1452,6,12,0,,0,0,0,0,0,0
2004,1,24,6,836,840,1337,1348,UA,490,N844UA,181,188,166,-11,-4,DEN,IAD,1452,3,12,0,,0,0,0,0,0,0
2004,1,25,7,838,840,1343,1348,UA,490,N449UA,185,188,169,-5,-2,DEN,IAD,1452,5,11,0,,0,0,0,0,0,0
2004,1,26,1,837,840,1402,1348,UA,490,N364UA,205,188,174,14,-3,DEN,IAD,1452,6,25,0,,0,0,0,0,0,0
2004,1,27,2,839,840,1359,1348,UA,490,N479UA,200,188,164,11,-1,DEN,IAD,1452,9,27,0,,0,0,0,0,0,0
2004,1,28,3,835,840,1354,1348,UA,490,N489UA,199,188,175,6,-5,DEN,IAD,1452,7,17,0,,0,0,0,0,0,0
2004,1,29,4,834,840,1336,1348,UA,490,N446UA,182,188,170,-12,-6,DEN,IAD,1452,3,9,0,,0,0,0,0,0,0
2004,1,30,5,832,840,1335,1348,UA,490,N411UA,183,188,166,-13,-8,DEN,IAD,1452,6,11,0,,0,0,0,0,0,0
2004,1,31,6,839,840,1338,1348,UA,490,N429UA,179,188,161,-10,-1,DEN,IAD,1452,4,14,0,,0,0,0,0,0,0
2004,1,1,4,1448,1445,1606,1603,UA,491,N915UA,198,198,180,3,3,ATL,DEN,1199,4,14,0,,0,0,0,0,0,0
2004,1,2,5,1514,1445,1624,1603,UA,491,N935UA,190,198,176,21,29,ATL,DEN,1199,3,11,0,,0,11,0,0,0,10
2004,1,3,6,1445,1445,1621,1603,UA,491,N951UA,216,198,193,18,0,ATL,DEN,1199,9,14,0,,0,0,0,18,0,0
2004,1,4,7,1515,1445,1640,1603,UA,491,N946UA,205,198,183,37,30,ATL,DEN,1199,9,13,0,,0,8,0,7,0,22
2004,1,5,1,1504,1445,1636,1603,UA,491,N941UA,212,198,193,33,19,ATL,DEN,1199,5,14,0,,0,19,0,14,0,0
2004,1,6,2,1458,1445,1635,1603,UA,491,N937UA,217,198,199,32,13,ATL,DEN,1199,6,12,0,,0,13,0,19,0,0
2004,1,7,3,1133,1125,1257,1247,UA,491,N368UA,144,142,124,10,8,DEN,GEG,836,6,14,0,,0,0,0,0,0,0
2004,1,8,4,1128,1125,1301,1247,UA,491,N955UA,153,142,136,14,3,DEN,GEG,836,5,12,0,,0,0,0,0,0,0
2004,1,9,5,1122,1125,1243,1247,UA,491,N949UA,141,142,122,-4,-3,DEN,GEG,836,4,15,0,,0,0,0,0,0,0
2004,1,10,6,1132,1125,1254,1247,UA,491,N339UA,142,142,125,7,7,DEN,GEG,836,4,13,0,,0,0,0,0,0,0
2004,1,11,7,1447,1125,1607,1243,UA,491,N834UA,140,138,119,204,202,DEN,GEG,836,7,14,0,,0,0,128,2,0,74
2004,1,12,1,1127,1125,1247,1247,UA,491,N952UA,140,142,120,0,2,DEN,GEG,836,4,16,0,,0,0,0,0,0,0
2004,1,13,2,1122,1125,1243,1247,UA,491,N953UA,141,142,121,-4,-3,DEN,GEG,836,4,16,0,,0,0,0,0,0,0
2004,1,14,3,1122,1125,1237,1247,UA,491,N327UA,135,142,114,-10,-3,DEN,GEG,836,3,18,0,,0,0,0,0,0,0
2004,1,15,4,1123,1125,1242,1247,UA,491,N942UA,139,142,120,-5,-2,DEN,GEG,836,4,15,0,,0,0,0,0,0,0
2004,1,16,5,1121,1125,1239,1247,UA,491,N957UA,138,142,124,-8,-4,DEN,GEG,836,3,11,0,,0,0,0,0,0,0
2004,1,17,6,1131,1125,1251,1247,UA,491,N309UA,140,142,118,4,6,DEN,GEG,836,4,18,0,,0,0,0,0,0,0
2004,1,18,7,1124,1125,1227,1243,UA,491,N852UA,123,138,111,-16,-1,DEN,GEG,836,4,8,0,,0,0,0,0,0,0
2004,1,19,1,1145,1125,1300,1247,UA,491,N312UA,135,142,120,13,20,DEN,GEG,836,4,11,0,,0,0,0,0,0,0
2004,1,20,2,1124,1125,1233,1247,UA,491,N350UA,129,142,115,-14,-1,DEN,GEG,836,3,11,0,,0,0,0,0,0,0
2004,1,21,3,1132,1125,1255,1247,UA,491,N904UA,143,142,122,8,7,DEN,GEG,836,3,18,0,,0,0,0,0,0,0
2004,1,22,4,1121,1125,1249,1247,UA,491,N941UA,148,142,133,2,-4,DEN,GEG,836,3,12,0,,0,0,0,0,0,0
2004,1,23,5,1120,1125,1244,1247,UA,491,N905UA,144,142,130,-3,-5,DEN,GEG,836,3,11,0,,0,0,0,0,0,0
2004,1,24,6,1124,1125,1239,1247,UA,491,N327UA,135,142,119,-8,-1,DEN,GEG,836,3,13,0,,0,0,0,0,0,0
2004,1,25,7,1133,1125,1238,1243,UA,491,N802UA,125,138,111,-5,8,DEN,GEG,836,4,10,0,,0,0,0,0,0,0
2004,1,26,1,1125,1125,1249,1247,UA,491,N941UA,144,142,128,2,0,DEN,GEG,836,3,13,0,,0,0,0,0,0,0
2004,1,27,2,1124,1125,1252,1247,UA,491,N951UA,148,142,129,5,-1,DEN,GEG,836,3,16,0,,0,0,0,0,0,0
2004,1,28,3,1122,1125,1246,1247,UA,491,N956UA,144,142,128,-1,-3,DEN,GEG,836,3,13,0,,0,0,0,0,0,0
2004,1,29,4,1121,1125,1256,1247,UA,491,N950UA,155,142,135,9,-4,DEN,GEG,836,2,18,0,,0,0,0,0,0,0
2004,1,30,5,1121,1125,1248,1247,UA,491,N936UA,147,142,127,1,-4,DEN,GEG,836,3,17,0,,0,0,0,0,0,0
2004,1,31,6,1210,1125,1327,1247,UA,491,N308UA,137,142,121,40,45,DEN,GEG,836,3,13,0,,0,40,0,0,0,0
2004,1,2,5,1732,1720,1932,1858,UA,491,N935UA,180,158,165,34,12,DEN,OAK,957,4,11,0,,0,12,0,22,0,0
2004,1,6,2,1718,1720,1931,1858,UA,491,N937UA,193,158,163,33,-2,DEN,OAK,957,4,26,0,,0,0,0,33,0,0
2004,1,7,3,910,840,1052,1031,UA,491,N368UA,162,171,149,21,30,MSY,DEN,1062,4,9,0,,0,21,0,0,0,0
2004,1,8,4,831,840,1033,1031,UA,491,N955UA,182,171,154,2,-9,MSY,DEN,1062,20,8,0,,0,0,0,0,0,0
2004,1,9,5,829,840,1028,1031,UA,491,N949UA,179,171,165,-3,-11,MSY,DEN,1062,5,9,0,,0,0,0,0,0,0
2004,1,10,6,829,840,1028,1031,UA,491,N903UA,179,171,162,-3,-11,MSY,DEN,1062,7,10,0,,0,0,0,0,0,0
2004,1,11,7,834,843,1024,1030,UA,491,N467UA,170,167,154,-6,-9,MSY,DEN,1062,5,11,0,,0,0,0,0,0,0
2004,1,12,1,832,840,1023,1031,UA,491,N324UA,171,171,151,-8,-8,MSY,DEN,1062,6,14,0,,0,0,0,0,0,0
2004,1,13,2,833,840,1030,1031,UA,491,N953UA,177,171,160,-1,-7,MSY,DEN,1062,6,11,0,,0,0,0,0,0,0
2004,1,14,3,830,840,1028,1031,UA,491,N349UA,178,171,157,-3,-10,MSY,DEN,1062,11,10,0,,0,0,0,0,0,0
2004,1,15,4,829,840,1026,1031,UA,491,N314UA,177,171,150,-5,-11,MSY,DEN,1062,15,12,0,,0,0,0,0,0,0
2004,1,16,5,834,840,1020,1031,UA,491,N957UA,166,171,151,-11,-6,MSY,DEN,1062,7,8,0,,0,0,0,0,0,0
2004,1,17,6,831,840,1014,1031,UA,491,N944UA,163,171,135,-17,-9,MSY,DEN,1062,16,12,0,,0,0,0,0,0,0
2004,1,18,7,839,843,1016,1030,UA,491,N427UA,157,167,138,-14,-4,MSY,DEN,1062,9,10,0,,0,0,0,0,0,0
2004,1,19,1,840,840,1031,1031,UA,491,N930UA,171,171,155,0,0,MSY,DEN,1062,6,10,0,,0,0,0,0,0,0
2004,1,20,2,831,840,1019,1031,UA,491,N952UA,168,171,154,-12,-9,MSY,DEN,1062,5,9,0,,0,0,0,0,0,0
2004,1,21,3,830,840,1031,1031,UA,491,N904UA,181,171,163,0,-10,MSY,DEN,1062,6,12,0,,0,0,0,0,0,0
2004,1,22,4,835,840,1026,1031,UA,491,N941UA,171,171,157,-5,-5,MSY,DEN,1062,6,8,0,,0,0,0,0,0,0
2004,1,23,5,833,840,1031,1031,UA,491,N905UA,178,171,159,0,-7,MSY,DEN,1062,10,9,0,,0,0,0,0,0,0
2004,1,24,6,831,840,1021,1031,UA,491,N952UA,170,171,151,-10,-9,MSY,DEN,1062,8,11,0,,0,0,0,0,0,0
2004,1,25,7,842,838,1044,1025,UA,491,N455UA,182,167,151,19,4,MSY,DEN,1062,21,10,0,,0,0,0,19,0,0
2004,1,26,1,833,840,1013,1031,UA,491,N941UA,160,171,142,-18,-7,MSY,DEN,1062,7,11,0,,0,0,0,0,0,0
2004,1,27,2,836,840,1036,1031,UA,491,N951UA,180,171,165,5,-4,MSY,DEN,1062,6,9,0,,0,0,0,0,0,0
2004,1,28,3,830,840,1024,1031,UA,491,N956UA,174,171,156,-7,-10,MSY,DEN,1062,6,12,0,,0,0,0,0,0,0
2004,1,29,4,831,840,1026,1031,UA,491,N950UA,175,171,157,-5,-9,MSY,DEN,1062,10,8,0,,0,0,0,0,0,0
2004,1,30,5,832,840,1027,1031,UA,491,N936UA,175,171,154,-4,-8,MSY,DEN,1062,9,12,0,,0,0,0,0,0,0
2004,1,31,6,832,840,1043,1031,UA,491,N345UA,191,171,148,12,-8,MSY,DEN,1062,30,13,0,,0,0,0,0,0,0
2004,1,1,4,1324,1325,1822,1820,UA,492,N834UA,178,175,145,2,-1,LAX,DFW,1235,14,19,0,,0,0,0,0,0,0
2004,1,2,5,1408,1325,1851,1820,UA,492,N807UA,163,175,135,31,43,LAX,DFW,1235,11,17,0,,0,11,0,0,0,20
2004,1,3,6,1400,1325,1835,1820,UA,492,N834UA,155,175,134,15,35,LAX,DFW,1235,11,10,0,,0,15,0,0,0,0
2004,1,4,7,1402,1325,1848,1820,UA,492,N838UA,166,175,144,28,37,LAX,DFW,1235,5,17,0,,0,23,0,0,0,5
2004,1,5,1,1342,1325,1847,1820,UA,492,N820UA,185,175,153,27,17,LAX,DFW,1235,12,20,0,,0,16,0,10,0,1
2004,1,6,2,1428,1325,1919,1820,UA,492,N830UA,171,175,149,59,63,LAX,DFW,1235,7,15,0,,0,24,0,0,0,35
2004,1,7,3,1304,1305,1753,1802,UA,492,N855UA,169,177,144,-9,-1,LAX,DFW,1235,10,15,0,,0,0,0,0,0,0
2004,1,8,4,1300,1305,1757,1802,UA,492,N841UA,177,177,149,-5,-5,LAX,DFW,1235,4,24,0,,0,0,0,0,0,0
2004,1,9,5,1311,1305,1808,1802,UA,492,N847UA,177,177,152,6,6,LAX,DFW,1235,10,15,0,,0,0,0,0,0,0
2004,1,10,6,1301,1305,1758,1802,UA,492,N852UA,177,177,149,-4,-4,LAX,DFW,1235,9,19,0,,0,0,0,0,0,0
2004,1,11,7,1304,1305,1806,1802,UA,492,N816UA,182,177,155,4,-1,LAX,DFW,1235,6,21,0,,0,0,0,0,0,0
2004,1,12,1,NA,1305,NA,1802,UA,492,N821UA,NA,177,NA,NA,NA,LAX,DFW,1235,0,0,1,A,0,0,0,0,0,0
2004,1,13,2,1300,1305,1747,1802,UA,492,N842UA,167,177,141,-15,-5,LAX,DFW,1235,10,16,0,,0,0,0,0,0,0
2004,1,14,3,1257,1305,1757,1802,UA,492,N818UA,180,177,148,-5,-8,LAX,DFW,1235,10,22,0,,0,0,0,0,0,0
2004,1,15,4,1259,1305,1809,1802,UA,492,N444UA,190,177,154,7,-6,LAX,DFW,1235,16,20,0,,0,0,0,0,0,0
2004,1,16,5,1300,1305,1813,1802,UA,492,N835UA,193,177,164,11,-5,LAX,DFW,1235,6,23,0,,0,0,0,0,0,0
2004,1,17,6,1302,1305,1809,1802,UA,492,N844UA,187,177,149,7,-3,LAX,DFW,1235,6,32,0,,0,0,0,0,0,0
2004,1,18,7,1259,1305,1805,1802,UA,492,N848UA,186,177,152,3,-6,LAX,DFW,1235,6,28,0,,0,0,0,0,0,0
2004,1,19,1,1300,1305,1750,1802,UA,492,N802UA,170,177,149,-12,-5,LAX,DFW,1235,4,17,0,,0,0,0,0,0,0
2004,1,20,2,1255,1305,1743,1802,UA,492,N821UA,168,177,142,-19,-10,LAX,DFW,1235,5,21,0,,0,0,0,0,0,0
2004,1,21,3,NA,1305,NA,1802,UA,492,000000,NA,177,NA,NA,NA,LAX,DFW,1235,0,0,1,A,0,0,0,0,0,0
2004,1,22,4,1259,1305,1756,1802,UA,492,N824UA,177,177,149,-6,-6,LAX,DFW,1235,7,21,0,,0,0,0,0,0,0
2004,1,23,5,1300,1305,1755,1802,UA,492,N418UA,175,177,149,-7,-5,LAX,DFW,1235,11,15,0,,0,0,0,0,0,0
2004,1,24,6,1301,1305,1842,1802,UA,492,N827UA,221,177,182,40,-4,LAX,DFW,1235,11,28,0,,0,0,0,40,0,0
2004,1,25,7,1302,1305,1758,1802,UA,492,N826UA,176,177,147,-4,-3,LAX,DFW,1235,4,25,0,,0,0,0,0,0,0
2004,1,26,1,1331,1305,1811,1802,UA,492,N853UA,160,177,141,9,26,LAX,DFW,1235,6,13,0,,0,0,0,0,0,0
2004,1,27,2,1258,1305,1751,1802,UA,492,N849UA,173,177,148,-11,-7,LAX,DFW,1235,9,16,0,,0,0,0,0,0,0
2004,1,28,3,1257,1305,1759,1802,UA,492,N809UA,182,177,148,-3,-8,LAX,DFW,1235,11,23,0,,0,0,0,0,0,0
2004,1,29,4,1300,1305,1824,1802,UA,492,N844UA,204,177,160,22,-5,LAX,DFW,1235,4,40,0,,0,0,0,22,0,0
2004,1,30,5,1303,1305,1806,1802,UA,492,N826UA,183,177,157,4,-2,LAX,DFW,1235,5,21,0,,0,0,0,0,0,0
2004,1,31,6,1303,1305,1753,1802,UA,492,N837UA,170,177,150,-9,-2,LAX,DFW,1235,3,17,0,,0,0,0,0,0,0
2004,1,7,3,1336,1344,1423,1409,UA,493,N370UA,107,85,61,14,-8,CMH,ORD,296,6,40,0,,0,0,0,0,0,0
2004,1,8,4,1340,1344,1435,1409,UA,493,N398UA,115,85,60,26,-4,CMH,ORD,296,9,46,0,,0,0,0,26,0,0
2004,1,9,5,1338,1344,1412,1409,UA,493,N374UA,94,85,68,3,-6,CMH,ORD,296,10,16,0,,0,0,0,0,0,0
2004,1,10,6,1337,1344,1432,1409,UA,493,N928UA,115,85,66,23,-7,CMH,ORD,296,9,40,0,,0,0,0,23,0,0
2004,1,11,7,1340,1344,1440,1409,UA,493,N395UA,120,85,53,31,-4,CMH,ORD,296,4,63,0,,0,0,0,31,0,0
2004,1,12,1,1340,1344,1405,1409,UA,493,N381UA,85,85,61,-4,-4,CMH,ORD,296,5,19,0,,0,0,0,0,0,0
2004,1,13,2,1342,1344,1428,1409,UA,493,N394UA,106,85,59,19,-2,CMH,ORD,296,10,37,0,,0,0,0,19,0,0
2004,1,14,3,1422,1344,1437,1409,UA,493,N379UA,75,85,65,28,38,CMH,ORD,296,4,6,0,,0,28,0,0,0,0
2004,1,15,4,1343,1344,1433,1409,UA,493,N939UA,110,85,58,24,-1,CMH,ORD,296,10,42,0,,0,0,0,24,0,0
2004,1,16,5,1339,1344,1427,1409,UA,493,N375UA,108,85,68,18,-5,CMH,ORD,296,6,34,0,,0,0,0,18,0,0
2004,1,17,6,1439,1344,1540,1409,UA,493,N379UA,121,85,55,91,55,CMH,ORD,296,4,62,0,,0,0,0,90,0,1
2004,1,18,7,1337,1344,1423,1409,UA,493,N369UA,106,85,67,14,-7,CMH,ORD,296,6,33,0,,0,0,0,0,0,0
2004,1,19,1,1343,1344,1410,1409,UA,493,N327UA,87,85,59,1,-1,CMH,ORD,296,10,18,0,,0,0,0,0,0,0
2004,1,20,2,1336,1344,1411,1409,UA,493,N399UA,95,85,58,2,-8,CMH,ORD,296,12,25,0,,0,0,0,0,0,0
2004,1,21,3,1351,1344,1501,1409,UA,493,N373UA,130,85,90,52,7,CMH,ORD,296,7,33,0,,0,7,0,45,0,0
2004,1,22,4,1340,1344,1428,1409,UA,493,N398UA,108,85,63,19,-4,CMH,ORD,296,7,38,0,,0,0,0,19,0,0
2004,1,23,5,1419,1344,1552,1409,UA,493,N385UA,153,85,87,103,35,CMH,ORD,296,11,55,0,,0,0,0,99,0,4
2004,1,24,6,1344,1344,1437,1409,UA,493,N910UA,113,85,75,28,0,CMH,ORD,296,5,33,0,,0,0,0,28,0,0
2004,1,25,7,1341,1344,1421,1409,UA,493,N334UA,100,85,60,12,-3,CMH,ORD,296,11,29,0,,0,0,0,0,0,0
2004,1,26,1,NA,1344,NA,1409,UA,493,N397UA,NA,85,NA,NA,NA,CMH,ORD,296,0,0,1,C,0,0,0,0,0,0
2004,1,27,2,NA,1344,NA,1409,UA,493,000000,NA,85,NA,NA,NA,CMH,ORD,296,0,0,1,B,0,0,0,0,0,0
2004,1,28,3,1413,1344,1430,1409,UA,493,N376UA,77,85,58,21,29,CMH,ORD,296,4,15,0,,0,0,0,21,0,0
2004,1,29,4,1540,1344,1600,1409,UA,493,N387UA,80,85,56,111,116,CMH,ORD,296,15,9,0,,0,0,0,111,0,0
2004,1,30,5,1410,1344,1439,1409,UA,493,N373UA,89,85,62,30,26,CMH,ORD,296,4,23,0,,0,0,0,11,0,19
2004,1,31,6,1408,1344,1429,1409,UA,493,N369UA,81,85,62,20,24,CMH,ORD,296,5,14,0,,0,0,0,1,0,19
2004,1,7,3,1510,1510,1640,1637,UA,493,N370UA,90,87,67,3,0,ORD,MCI,403,3,20,0,,0,0,0,0,0,0
2004,1,8,4,1510,1510,1652,1637,UA,493,N398UA,102,87,70,15,0,ORD,MCI,403,3,29,0,,0,0,0,15,0,0
2004,1,9,5,1508,1510,1654,1637,UA,493,N319UA,106,87,64,17,-2,ORD,MCI,403,4,38,0,,0,0,0,17,0,0
2004,1,10,6,1505,1510,1623,1637,UA,493,N927UA,78,87,59,-14,-5,ORD,MCI,403,3,16,0,,0,0,0,0,0,0
2004,1,11,7,1534,1510,1701,1637,UA,493,N395UA,87,87,67,24,24,ORD,MCI,403,3,17,0,,0,19,0,0,0,5
2004,1,12,1,1509,1510,1643,1637,UA,493,N381UA,94,87,70,6,-1,ORD,MCI,403,5,19,0,,0,0,0,0,0,0
2004,1,13,2,1505,1510,1637,1637,UA,493,N394UA,92,87,65,0,-5,ORD,MCI,403,8,19,0,,0,0,0,0,0,0
2004,1,14,3,1534,1510,1705,1637,UA,493,N379UA,91,87,64,28,24,ORD,MCI,403,13,14,0,,0,22,0,4,0,2
2004,1,15,4,1604,1510,1719,1637,UA,493,N385UA,75,87,62,42,54,ORD,MCI,403,3,10,0,,0,0,0,0,0,42
2004,1,16,5,1512,1510,1649,1637,UA,493,N375UA,97,87,67,12,2,ORD,MCI,403,2,28,0,,0,0,0,0,0,0
2004,1,17,6,1705,1510,1835,1637,UA,493,N924UA,90,87,68,118,115,ORD,MCI,403,8,14,0,,0,0,0,3,0,115
2004,1,18,7,1510,1510,1649,1637,UA,493,N369UA,99,87,69,12,0,ORD,MCI,403,5,25,0,,0,0,0,0,0,0
2004,1,19,1,1505,1510,1633,1637,UA,493,N327UA,88,87,66,-4,-5,ORD,MCI,403,4,18,0,,0,0,0,0,0,0
2004,1,20,2,1506,1510,1641,1637,UA,493,N399UA,95,87,66,4,-4,ORD,MCI,403,3,26,0,,0,0,0,0,0,0
2004,1,21,3,1542,1510,1708,1637,UA,493,N373UA,86,87,71,31,32,ORD,MCI,403,3,12,0,,0,6,0,0,0,25
2004,1,22,4,1510,1510,1637,1637,UA,493,N398UA,87,87,65,0,0,ORD,MCI,403,4,18,0,,0,0,0,0,0,0
2004,1,23,5,1638,1510,1809,1637,UA,493,N385UA,91,87,65,92,88,ORD,MCI,403,5,21,0,,0,11,0,4,0,77
2004,1,24,6,1511,1510,1657,1637,UA,493,N928UA,106,87,68,20,1,ORD,MCI,403,5,33,0,,0,0,0,20,0,0
2004,1,25,7,1507,1510,1703,1637,UA,493,N373UA,116,87,64,26,-3,ORD,MCI,403,6,46,0,,0,0,0,26,0,0
2004,1,26,1,1721,1510,1902,1637,UA,493,N387UA,101,87,66,145,131,ORD,MCI,403,6,29,0,,0,0,0,14,0,131
2004,1,27,2,1510,1510,1659,1637,UA,493,N378UA,109,87,65,22,0,ORD,MCI,403,4,40,0,,0,0,0,22,0,0
2004,1,28,3,1509,1510,1658,1637,UA,493,N376UA,109,87,73,21,-1,ORD,MCI,403,5,31,0,,0,0,0,21,0,0
2004,1,29,4,1621,1510,1741,1637,UA,493,N373UA,80,87,67,64,71,ORD,MCI,403,5,8,0,,0,13,0,0,0,51
2004,1,30,5,1540,1510,1702,1637,UA,493,N373UA,82,87,66,25,30,ORD,MCI,403,4,12,0,,0,22,0,0,0,3
2004,1,31,6,1506,1510,1635,1637,UA,493,N388UA,89,87,69,-2,-4,ORD,MCI,403,2,18,0,,0,0,0,0,0,0
2004,1,1,4,1330,1335,1450,1451,UA,493,N394UA,80,76,54,-1,-5,ORD,STL,258,7,19,0,,0,0,0,0,0,0
2004,1,2,5,1522,1335,1642,1451,UA,493,N367UA,80,76,50,111,107,ORD,STL,258,4,26,0,,0,10,0,4,0,97
2004,1,3,6,1333,1335,1443,1451,UA,493,N389UA,70,76,53,-8,-2,ORD,STL,258,5,12,0,,0,0,0,0,0,0
2004,1,4,7,NA,1335,NA,1451,UA,493,000000,NA,76,NA,NA,NA,ORD,STL,258,0,0,1,C,0,0,0,0,0,0
2004,1,5,1,1356,1335,1505,1451,UA,493,N954UA,69,76,52,14,21,ORD,STL,258,4,13,0,,0,0,0,0,0,0
2004,1,6,2,1348,1335,1454,1451,UA,493,N393UA,66,76,48,3,13,ORD,STL,258,3,15,0,,0,0,0,0,0,0
2004,1,1,4,654,700,943,1006,UA,494,N489UA,109,126,95,-23,-6,ORD,MHT,843,3,11,0,,0,0,0,0,0,0
2004,1,2,5,657,700,953,1005,UA,494,N539UA,116,125,95,-12,-3,ORD,MHT,843,8,13,0,,0,0,0,0,0,0
2004,1,3,6,654,700,1007,1006,UA,494,N322UA,133,126,110,1,-6,ORD,MHT,843,4,19,0,,0,0,0,0,0,0
2004,1,4,7,700,700,953,1005,UA,494,N511UA,113,125,88,-12,0,ORD,MHT,843,4,21,0,,0,0,0,0,0,0
2004,1,5,1,656,700,948,1005,UA,494,N517UA,112,125,90,-17,-4,ORD,MHT,843,5,17,0,,0,0,0,0,0,0
2004,1,6,2,655,700,945,1005,UA,494,N554UA,110,125,89,-20,-5,ORD,MHT,843,8,13,0,,0,0,0,0,0,0
2004,1,7,3,751,741,1045,1045,UA,494,N482UA,114,124,98,0,10,ORD,MHT,843,3,13,0,,0,0,0,0,0,0
2004,1,8,4,742,741,1026,1045,UA,494,N443UA,104,124,93,-19,1,ORD,MHT,843,3,8,0,,0,0,0,0,0,0
2004,1,9,5,736,741,1030,1045,UA,494,N439UA,114,124,101,-15,-5,ORD,MHT,843,4,9,0,,0,0,0,0,0,0
2004,1,10,6,737,741,1040,1045,UA,494,N366UA,123,124,106,-5,-4,ORD,MHT,843,3,14,0,,0,0,0,0,0,0
2004,1,11,7,734,741,1033,1045,UA,494,N451UA,119,124,101,-12,-7,ORD,MHT,843,4,14,0,,0,0,0,0,0,0
2004,1,12,1,736,741,1031,1045,UA,494,N472UA,115,124,98,-14,-5,ORD,MHT,843,4,13,0,,0,0,0,0,0,0
2004,1,13,2,736,741,1028,1045,UA,494,N484UA,112,124,99,-17,-5,ORD,MHT,843,3,10,0,,0,0,0,0,0,0
2004,1,14,3,736,741,1033,1045,UA,494,N469UA,117,124,98,-12,-5,ORD,MHT,843,4,15,0,,0,0,0,0,0,0
2004,1,15,4,740,741,1037,1045,UA,494,N421UA,117,124,100,-8,-1,ORD,MHT,843,4,13,0,,0,0,0,0,0,0
2004,1,16,5,737,741,1038,1045,UA,494,N437UA,121,124,102,-7,-4,ORD,MHT,843,4,15,0,,0,0,0,0,0,0
2004,1,17,6,738,741,1036,1045,UA,494,N910UA,118,124,98,-9,-3,ORD,MHT,843,3,17,0,,0,0,0,0,0,0
2004,1,18,7,737,741,1028,1045,UA,494,N475UA,111,124,96,-17,-4,ORD,MHT,843,2,13,0,,0,0,0,0,0,0
2004,1,19,1,736,741,1031,1045,UA,494,N443UA,115,124,97,-14,-5,ORD,MHT,843,4,14,0,,0,0,0,0,0,0
2004,1,20,2,738,741,1030,1045,UA,494,N470UA,112,124,99,-15,-3,ORD,MHT,843,3,10,0,,0,0,0,0,0,0
2004,1,21,3,737,741,1032,1045,UA,494,N431UA,115,124,100,-13,-4,ORD,MHT,843,2,13,0,,0,0,0,0,0,0
2004,1,22,4,743,741,1040,1045,UA,494,N482UA,117,124,95,-5,2,ORD,MHT,843,3,19,0,,0,0,0,0,0,0
2004,1,23,5,744,741,1045,1045,UA,494,N483UA,121,124,101,0,3,ORD,MHT,843,3,17,0,,0,0,0,0,0,0
2004,1,24,6,741,741,1045,1045,UA,494,N391UA,124,124,103,0,0,ORD,MHT,843,8,13,0,,0,0,0,0,0,0
2004,1,25,7,739,741,1030,1045,UA,494,N949UA,111,124,98,-15,-2,ORD,MHT,843,3,10,0,,0,0,0,0,0,0
2004,1,26,1,739,741,1036,1045,UA,494,N430UA,117,124,99,-9,-2,ORD,MHT,843,3,15,0,,0,0,0,0,0,0
2004,1,27,2,NA,741,NA,1045,UA,494,000000,NA,124,NA,NA,NA,ORD,MHT,843,0,0,1,B,0,0,0,0,0,0
2004,1,28,3,738,741,1044,1045,UA,494,N824UA,126,124,110,-1,-3,ORD,MHT,843,4,12,0,,0,0,0,0,0,0
2004,1,29,4,738,741,1036,1045,UA,494,N439UA,118,124,100,-9,-3,ORD,MHT,843,4,14,0,,0,0,0,0,0,0
2004,1,30,5,807,741,1106,1045,UA,494,N496UA,119,124,100,21,26,ORD,MHT,843,4,15,0,,0,0,0,0,0,21
2004,1,31,6,810,741,1109,1045,UA,494,N333UA,119,124,106,24,29,ORD,MHT,843,4,9,0,,0,0,0,0,0,24
2004,1,10,6,1836,1404,2045,1615,UA,495,N348UA,189,191,166,270,272,PBI,ORD,1144,15,8,0,,0,24,0,0,0,246
2004,1,17,6,1533,1404,1844,1615,UA,495,N939UA,251,191,159,149,89,PBI,ORD,1144,6,86,0,,0,0,0,149,0,0
2004,1,24,6,1359,1404,1635,1615,UA,495,N905UA,216,191,182,20,-5,PBI,ORD,1144,18,16,0,,0,0,0,20,0,0
2004,1,31,6,1359,1404,1616,1615,UA,495,N935UA,197,191,160,1,-5,PBI,ORD,1144,24,13,0,,0,0,0,0,0,0
2004,1,1,4,1554,1545,1857,1905,UA,496,N444UA,123,140,106,-8,9,LAX,DEN,862,6,11,0,,0,0,0,0,0,0
2004,1,2,5,1625,1545,1918,1905,UA,496,N462UA,113,140,92,13,40,LAX,DEN,862,4,17,0,,0,0,0,0,0,0
2004,1,3,6,1630,1555,1917,1915,UA,496,N414UA,107,140,96,2,35,LAX,DEN,862,5,6,0,,0,0,0,0,0,0
2004,1,4,7,1618,1545,1929,1905,UA,496,N455UA,131,140,100,24,33,LAX,DEN,862,20,11,0,,0,24,0,0,0,0
2004,1,5,1,1545,1545,1900,1905,UA,496,N403UA,135,140,114,-5,0,LAX,DEN,862,5,16,0,,0,0,0,0,0,0
2004,1,6,2,1541,1545,1847,1905,UA,496,N852UA,126,140,102,-18,-4,LAX,DEN,862,6,18,0,,0,0,0,0,0,0
2004,1,7,3,1004,1000,1111,1114,UA,496,N929UA,67,74,48,-3,4,MSP,ORD,334,4,15,0,,0,0,0,0,0,0
2004,1,8,4,NA,1000,NA,1114,UA,496,000000,NA,74,NA,NA,NA,MSP,ORD,334,0,0,1,A,0,0,0,0,0,0
2004,1,9,5,1000,1000,1109,1114,UA,496,N350UA,69,74,53,-5,0,MSP,ORD,334,6,10,0,,0,0,0,0,0,0
2004,1,11,7,952,1000,1056,1114,UA,496,N946UA,64,74,51,-18,-8,MSP,ORD,334,3,10,0,,0,0,0,0,0,0
2004,1,12,1,952,1000,1115,1114,UA,496,N919UA,83,74,50,1,-8,MSP,ORD,334,2,31,0,,0,0,0,0,0,0
2004,1,13,2,956,1000,1103,1114,UA,496,N912UA,67,74,48,-11,-4,MSP,ORD,334,9,10,0,,0,0,0,0,0,0
2004,1,14,3,1021,1000,1130,1114,UA,496,N917UA,69,74,53,16,21,MSP,ORD,334,2,14,0,,0,0,0,0,0,16
2004,1,15,4,954,1000,1057,1114,UA,496,N924UA,63,74,47,-17,-6,MSP,ORD,334,7,9,0,,0,0,0,0,0,0
2004,1,16,5,955,1000,1106,1114,UA,496,N918UA,71,74,50,-8,-5,MSP,ORD,334,11,10,0,,0,0,0,0,0,0
2004,1,18,7,959,1000,1109,1114,UA,496,N308UA,70,74,50,-5,-1,MSP,ORD,334,7,13,0,,0,0,0,0,0,0
2004,1,19,1,NA,1000,NA,1114,UA,496,000000,NA,74,NA,NA,NA,MSP,ORD,334,0,0,1,A,0,0,0,0,0,0
2004,1,20,2,956,1000,1107,1114,UA,496,N919UA,71,74,51,-7,-4,MSP,ORD,334,6,14,0,,0,0,0,0,0,0
2004,1,21,3,956,1000,1100,1114,UA,496,N920UA,64,74,52,-14,-4,MSP,ORD,334,2,10,0,,0,0,0,0,0,0
2004,1,22,4,957,1000,1100,1114,UA,496,N910UA,63,74,46,-14,-3,MSP,ORD,334,3,14,0,,0,0,0,0,0,0
2004,1,23,5,958,1000,1141,1114,UA,496,N917UA,103,74,57,27,-2,MSP,ORD,334,4,42,0,,0,0,0,27,0,0
2004,1,25,7,956,1000,1117,1114,UA,496,N363UA,81,74,57,3,-4,MSP,ORD,334,11,13,0,,0,0,0,0,0,0
2004,1,26,1,1047,1000,1225,1114,UA,496,N336UA,98,74,64,71,47,MSP,ORD,334,4,30,0,,0,0,0,24,0,47
2004,1,27,2,NA,1000,NA,1114,UA,496,000000,NA,74,NA,NA,NA,MSP,ORD,334,0,0,1,B,0,0,0,0,0,0
2004,1,28,3,953,1000,1114,1114,UA,496,N926UA,81,74,51,0,-7,MSP,ORD,334,16,14,0,,0,0,0,0,0,0
2004,1,29,4,1053,1000,1244,1114,UA,496,N352UA,111,74,63,90,53,MSP,ORD,334,9,39,0,,0,0,0,37,0,53
2004,1,30,5,954,1000,1103,1114,UA,496,N921UA,69,74,48,-11,-6,MSP,ORD,334,5,16,0,,0,0,0,0,0,0
2004,1,7,3,625,635,745,752,UA,497,N819UA,200,197,178,-7,-10,ATL,DEN,1199,7,15,0,,0,0,0,0,0,0
2004,1,8,4,634,635,753,752,UA,497,N821UA,199,197,176,1,-1,ATL,DEN,1199,6,17,0,,0,0,0,0,0,0
2004,1,9,5,630,635,808,752,UA,497,N834UA,218,197,172,16,-5,ATL,DEN,1199,8,38,0,,0,0,0,16,0,0
2004,1,10,6,635,635,741,752,UA,497,N842UA,186,197,167,-11,0,ATL,DEN,1199,7,12,0,,0,0,0,0,0,0
2004,1,11,7,632,635,742,752,UA,497,N824UA,190,197,173,-10,-3,ATL,DEN,1199,7,10,0,,0,0,0,0,0,0
2004,1,12,1,628,635,739,752,UA,497,N847UA,191,197,173,-13,-7,ATL,DEN,1199,6,12,0,,0,0,0,0,0,0
2004,1,13,2,630,635,742,752,UA,497,N852UA,192,197,173,-10,-5,ATL,DEN,1199,8,11,0,,0,0,0,0,0,0
2004,1,14,3,628,635,756,752,UA,497,N840UA,208,197,185,4,-7,ATL,DEN,1199,6,17,0,,0,0,0,0,0,0
2004,1,15,4,630,635,745,752,UA,497,N823UA,195,197,172,-7,-5,ATL,DEN,1199,10,13,0,,0,0,0,0,0,0
2004,1,16,5,631,635,740,752,UA,497,N814UA,189,197,170,-12,-4,ATL,DEN,1199,6,13,0,,0,0,0,0,0,0
2004,1,17,6,627,635,727,752,UA,497,N837UA,180,197,166,-25,-8,ATL,DEN,1199,4,10,0,,0,0,0,0,0,0
2004,1,18,7,632,635,734,752,UA,497,N801UA,182,197,164,-18,-3,ATL,DEN,1199,8,10,0,,0,0,0,0,0,0
2004,1,19,1,704,635,758,752,UA,497,N830UA,174,197,155,6,29,ATL,DEN,1199,6,13,0,,0,0,0,0,0,0
2004,1,20,2,627,635,745,752,UA,497,N832UA,198,197,178,-7,-8,ATL,DEN,1199,6,14,0,,0,0,0,0,0,0
2004,1,21,3,625,635,747,752,UA,497,N803UA,202,197,181,-5,-10,ATL,DEN,1199,7,14,0,,0,0,0,0,0,0
2004,1,22,4,626,635,751,752,UA,497,N852UA,205,197,186,-1,-9,ATL,DEN,1199,6,13,0,,0,0,0,0,0,0
2004,1,23,5,755,635,908,752,UA,497,N831UA,193,197,175,76,80,ATL,DEN,1199,7,11,0,,0,76,0,0,0,0
2004,1,24,6,629,635,745,752,UA,497,N427UA,196,197,175,-7,-6,ATL,DEN,1199,9,12,0,,0,0,0,0,0,0
2004,1,25,7,626,635,739,752,UA,497,N832UA,193,197,176,-13,-9,ATL,DEN,1199,9,8,0,,0,0,0,0,0,0
2004,1,26,1,638,635,805,752,UA,497,N471UA,207,197,170,13,3,ATL,DEN,1199,13,24,0,,0,0,0,0,0,0
2004,1,27,2,755,635,904,752,UA,497,N848UA,189,197,171,72,80,ATL,DEN,1199,5,13,0,,0,72,0,0,0,0
2004,1,28,3,626,635,750,752,UA,497,N806UA,204,197,182,-2,-9,ATL,DEN,1199,9,13,0,,0,0,0,0,0,0
2004,1,29,4,628,635,743,752,UA,497,N837UA,195,197,177,-9,-7,ATL,DEN,1199,6,12,0,,0,0,0,0,0,0
2004,1,30,5,751,635,903,752,UA,497,N852UA,192,197,171,71,76,ATL,DEN,1199,10,11,0,,0,71,0,0,0,0
2004,1,31,6,628,635,736,752,UA,497,N486UA,188,197,169,-16,-7,ATL,DEN,1199,8,11,0,,0,0,0,0,0,0
2004,1,1,4,757,640,901,746,UA,497,N833UA,184,186,168,75,77,CMH,DEN,1155,6,10,0,,0,75,0,0,0,0
2004,1,2,5,638,640,754,746,UA,497,N821UA,196,186,176,8,-2,CMH,DEN,1155,7,13,0,,0,0,0,0,0,0
2004,1,3,6,730,640,915,751,UA,497,N902UA,225,191,200,84,50,CMH,DEN,1155,14,11,0,,0,50,0,34,0,0
2004,1,4,7,645,640,813,746,UA,497,N849UA,208,186,190,27,5,CMH,DEN,1155,6,12,0,,0,0,0,27,0,0
2004,1,5,1,637,640,749,746,UA,497,N848UA,192,186,178,3,-3,CMH,DEN,1155,5,9,0,,0,0,0,0,0,0
2004,1,6,2,642,640,752,746,UA,497,N824UA,190,186,173,6,2,CMH,DEN,1155,7,10,0,,0,0,0,0,0,0
2004,1,1,4,841,840,1027,1014,UA,497,N467UA,166,154,151,13,1,DEN,SJC,948,4,11,0,,0,0,0,0,0,0
2004,1,2,5,842,840,1035,1014,UA,497,N406UA,173,154,156,21,2,DEN,SJC,948,4,13,0,,0,0,0,21,0,0
2004,1,3,6,906,840,1152,1014,UA,497,N482UA,226,154,141,98,26,DEN,SJC,948,4,81,0,,0,7,0,72,0,19
2004,1,4,7,853,840,1050,1014,UA,497,N849UA,177,154,142,36,13,DEN,SJC,948,5,30,0,,0,0,0,28,0,8
2004,1,5,1,841,840,1021,1014,UA,497,N847UA,160,154,140,7,1,DEN,SJC,948,5,15,0,,0,0,0,0,0,0
2004,1,6,2,855,840,1030,1014,UA,497,N824UA,155,154,136,16,15,DEN,SJC,948,4,15,0,,0,15,0,1,0,0
2004,1,7,3,858,842,1035,1017,UA,497,N854UA,157,155,141,18,16,DEN,SJC,948,4,12,0,,0,8,0,2,0,8
2004,1,8,4,835,842,1011,1017,UA,497,N821UA,156,155,137,-6,-7,DEN,SJC,948,3,16,0,,0,0,0,0,0,0
2004,1,9,5,NA,842,NA,1017,UA,497,N834UA,NA,155,NA,NA,NA,DEN,SJC,948,0,0,1,A,0,0,0,0,0,0
2004,1,10,6,837,842,1004,1017,UA,497,N842UA,147,155,129,-13,-5,DEN,SJC,948,7,11,0,,0,0,0,0,0,0
2004,1,11,7,840,842,1008,1017,UA,497,N803UA,148,155,126,-9,-2,DEN,SJC,948,6,16,0,,0,0,0,0,0,0
2004,1,12,1,838,842,955,1017,UA,497,N847UA,137,155,121,-22,-4,DEN,SJC,948,5,11,0,,0,0,0,0,0,0
2004,1,13,2,959,842,1122,1017,UA,497,N852UA,143,155,124,65,77,DEN,SJC,948,6,13,0,,0,65,0,0,0,0
2004,1,14,3,837,842,1004,1017,UA,497,N840UA,147,155,129,-13,-5,DEN,SJC,948,4,14,0,,0,0,0,0,0,0
2004,1,15,4,838,842,1010,1017,UA,497,N823UA,152,155,127,-7,-4,DEN,SJC,948,6,19,0,,0,0,0,0,0,0
2004,1,16,5,836,842,952,1017,UA,497,N814UA,136,155,121,-25,-6,DEN,SJC,948,5,10,0,,0,0,0,0,0,0
2004,1,17,6,837,842,1001,1017,UA,497,N811UA,144,155,126,-16,-5,DEN,SJC,948,4,14,0,,0,0,0,0,0,0
2004,1,18,7,836,842,1007,1017,UA,497,N801UA,151,155,129,-10,-6,DEN,SJC,948,5,17,0,,0,0,0,0,0,0
2004,1,19,1,839,842,1017,1017,UA,497,N830UA,158,155,136,0,-3,DEN,SJC,948,7,15,0,,0,0,0,0,0,0
2004,1,20,2,841,842,1018,1017,UA,497,N832UA,157,155,124,1,-1,DEN,SJC,948,5,28,0,,0,0,0,0,0,0
2004,1,21,3,836,842,946,1017,UA,497,N803UA,130,155,114,-31,-6,DEN,SJC,948,5,11,0,,0,0,0,0,0,0
2004,1,22,4,839,842,955,1017,UA,497,N852UA,136,155,118,-22,-3,DEN,SJC,948,4,14,0,,0,0,0,0,0,0
2004,1,23,5,933,842,1050,1017,UA,497,N831UA,137,155,121,33,51,DEN,SJC,948,5,11,0,,0,0,0,0,0,33
2004,1,24,6,838,842,1015,1017,UA,497,N830UA,157,155,137,-2,-4,DEN,SJC,948,4,16,0,,0,0,0,0,0,0
2004,1,25,7,837,842,1007,1017,UA,497,N832UA,150,155,133,-10,-5,DEN,SJC,948,6,11,0,,0,0,0,0,0,0
2004,1,26,1,842,842,1020,1017,UA,497,N471UA,158,155,133,3,0,DEN,SJC,948,6,19,0,,0,0,0,0,0,0
2004,1,27,2,841,842,1022,1017,UA,497,N841UA,161,155,137,5,-1,DEN,SJC,948,4,20,0,,0,0,0,0,0,0
2004,1,28,3,835,842,1003,1017,UA,497,N806UA,148,155,126,-14,-7,DEN,SJC,948,7,15,0,,0,0,0,0,0,0
2004,1,29,4,844,842,1007,1017,UA,497,N840UA,143,155,127,-10,2,DEN,SJC,948,4,12,0,,0,0,0,0,0,0
2004,1,30,5,836,842,1028,1017,UA,497,N807UA,172,155,142,11,-6,DEN,SJC,948,4,26,0,,0,0,0,0,0,0
2004,1,31,6,835,842,1003,1017,UA,497,N486UA,148,155,135,-14,-7,DEN,SJC,948,5,8,0,,0,0,0,0,0,0
2004,1,1,4,1556,1601,1808,1815,UA,498,N947UA,132,134,105,-7,-5,DFW,ORD,802,16,11,0,,0,0,0,0,0,0
2004,1,2,5,2237,1601,28,1815,UA,498,N338UA,111,134,99,373,396,DFW,ORD,802,3,9,0,,0,0,0,0,0,373
2004,1,3,6,1633,1601,1830,1815,UA,498,N907UA,117,134,102,15,32,DFW,ORD,802,8,7,0,,0,6,0,0,0,9
2004,1,4,7,NA,1601,NA,1815,UA,498,000000,NA,134,NA,NA,NA,DFW,ORD,802,0,0,1,C,0,0,0,0,0,0
2004,1,5,1,1818,1601,2123,1815,UA,498,N957UA,185,134,95,188,137,DFW,ORD,802,12,78,0,,0,0,0,188,0,0
2004,1,6,2,1829,1601,2137,1815,UA,498,N947UA,188,134,117,202,148,DFW,ORD,802,4,67,0,,0,0,0,90,0,112
2004,1,7,3,1821,1805,2201,2205,UA,498,N526UA,160,180,140,-4,16,ORD,FLL,1182,5,15,0,,0,0,0,0,0,0
2004,1,8,4,1803,1805,2209,2205,UA,498,N501UA,186,180,147,4,-2,ORD,FLL,1182,4,35,0,,0,0,0,0,0,0
2004,1,9,5,1852,1805,2241,2205,UA,498,N580UA,169,180,143,36,47,ORD,FLL,1182,5,21,0,,0,0,0,0,0,36
2004,1,10,6,1842,1805,2237,2205,UA,498,N579UA,175,180,144,32,37,ORD,FLL,1182,4,27,0,,0,32,0,0,0,0
2004,1,11,7,1803,1805,2149,2205,UA,498,N594UA,166,180,148,-16,-2,ORD,FLL,1182,4,14,0,,0,0,0,0,0,0
2004,1,12,1,1804,1805,2203,2205,UA,498,N584UA,179,180,145,-2,-1,ORD,FLL,1182,6,28,0,,0,0,0,0,0,0
2004,1,13,2,1815,1805,2203,2205,UA,498,N579UA,168,180,138,-2,10,ORD,FLL,1182,5,25,0,,0,0,0,0,0,0
2004,1,14,3,1811,1805,2156,2205,UA,498,N514UA,165,180,142,-9,6,ORD,FLL,1182,4,19,0,,0,0,0,0,0,0
2004,1,15,4,1820,1805,2207,2205,UA,498,N588UA,167,180,142,2,15,ORD,FLL,1182,4,21,0,,0,0,0,0,0,0
2004,1,16,5,1808,1805,2221,2205,UA,498,N586UA,193,180,145,16,3,ORD,FLL,1182,6,42,0,,0,0,0,16,0,0
2004,1,17,6,1813,1805,2211,2205,UA,498,N564UA,178,180,154,6,8,ORD,FLL,1182,5,19,0,,0,0,0,0,0,0
2004,1,18,7,1806,1805,2205,2205,UA,498,N584UA,179,180,156,0,1,ORD,FLL,1182,3,20,0,,0,0,0,0,0,0
2004,1,19,1,1804,1805,2206,2205,UA,498,N578UA,182,180,146,1,-1,ORD,FLL,1182,3,33,0,,0,0,0,0,0,0
2004,1,20,2,1815,1805,2218,2205,UA,498,N577UA,183,180,140,13,10,ORD,FLL,1182,4,39,0,,0,0,0,0,0,0
2004,1,21,3,1841,1805,2219,2205,UA,498,N557UA,158,180,142,14,36,ORD,FLL,1182,3,13,0,,0,0,0,0,0,0
2004,1,22,4,1819,1805,2212,2205,UA,498,N509UA,173,180,145,7,14,ORD,FLL,1182,4,24,0,,0,0,0,0,0,0
2004,1,23,5,1931,1805,2324,2205,UA,498,N570UA,173,180,141,79,86,ORD,FLL,1182,6,26,0,,0,0,17,0,0,62
2004,1,24,6,1850,1805,2247,2205,UA,498,N580UA,177,180,148,42,45,ORD,FLL,1182,4,25,0,,0,41,0,0,0,1
2004,1,25,7,1824,1805,2219,2205,UA,498,N505UA,175,180,145,14,19,ORD,FLL,1182,4,26,0,,0,0,0,0,0,0
2004,1,26,1,2011,1805,6,2205,UA,498,N587UA,175,180,158,121,126,ORD,FLL,1182,4,13,0,,0,101,0,0,0,20
2004,1,27,2,1823,1805,2231,2205,UA,498,N584UA,188,180,156,26,18,ORD,FLL,1182,5,27,0,,0,6,0,8,0,12
2004,1,28,3,1909,1805,2255,2205,UA,498,N587UA,166,180,147,50,64,ORD,FLL,1182,4,15,0,,0,50,0,0,0,0
2004,1,29,4,1901,1805,2252,2205,UA,498,N577UA,171,180,150,47,56,ORD,FLL,1182,5,16,0,,0,0,17,0,0,30
2004,1,30,5,1803,1805,2206,2205,UA,498,N566UA,183,180,147,1,-2,ORD,FLL,1182,7,29,0,,0,0,0,0,0,0
2004,1,31,6,1822,1805,2224,2205,UA,498,N582UA,182,180,160,19,17,ORD,FLL,1182,4,18,0,,0,17,0,2,0,0
2004,1,1,4,814,820,917,920,UA,499,N582UA,123,120,104,-3,-6,IAD,ORD,589,6,13,0,,0,0,0,0,0,0
2004,1,2,5,820,820,1005,920,UA,499,N570UA,165,120,101,45,0,IAD,ORD,589,6,58,0,,0,0,0,45,0,0
2004,1,3,6,816,820,912,921,UA,499,N484UA,116,121,98,-9,-4,IAD,ORD,589,5,13,0,,0,0,0,0,0,0
2004,1,4,7,825,820,926,920,UA,499,N579UA,121,120,94,6,5,IAD,ORD,589,11,16,0,,0,0,0,0,0,0
2004,1,5,1,818,820,920,920,UA,499,N581UA,122,120,99,0,-2,IAD,ORD,589,7,16,0,,0,0,0,0,0,0
2004,1,6,2,818,820,931,920,UA,499,N588UA,133,120,114,11,-2,IAD,ORD,589,3,16,0,,0,0,0,0,0,0
2004,1,7,3,1156,1155,1449,1444,UA,499,N575UA,233,229,210,5,1,ORD,PHX,1440,7,16,0,,0,0,0,0,0,0
2004,1,8,4,1155,1155,1435,1444,UA,499,N525UA,220,229,193,-9,0,ORD,PHX,1440,6,21,0,,0,0,0,0,0,0
2004,1,9,5,1155,1155,1423,1444,UA,499,N563UA,208,229,186,-21,0,ORD,PHX,1440,6,16,0,,0,0,0,0,0,0
2004,1,10,6,1155,1155,1430,1449,UA,499,N346UA,215,234,197,-19,0,ORD,PHX,1440,5,13,0,,0,0,0,0,0,0
2004,1,11,7,1155,1155,1443,1444,UA,499,N575UA,228,229,198,-1,0,ORD,PHX,1440,8,22,0,,0,0,0,0,0,0
2004,1,12,1,1155,1155,1427,1444,UA,499,N540UA,212,229,194,-17,0,ORD,PHX,1440,8,10,0,,0,0,0,0,0,0
2004,1,13,2,1200,1155,1454,1444,UA,499,N502UA,234,229,195,10,5,ORD,PHX,1440,5,34,0,,0,0,0,0,0,0
2004,1,14,3,1157,1155,1426,1444,UA,499,N538UA,209,229,190,-18,2,ORD,PHX,1440,5,14,0,,0,0,0,0,0,0
2004,1,15,4,1208,1155,1445,1444,UA,499,N526UA,217,229,197,1,13,ORD,PHX,1440,5,15,0,,0,0,0,0,0,0
2004,1,16,5,1155,1155,1437,1444,UA,499,N571UA,222,229,196,-7,0,ORD,PHX,1440,9,17,0,,0,0,0,0,0,0
2004,1,17,6,1214,1155,1449,1449,UA,499,N398UA,215,234,191,0,19,ORD,PHX,1440,5,19,0,,0,0,0,0,0,0
2004,1,18,7,1155,1155,1442,1444,UA,499,N588UA,227,229,186,-2,0,ORD,PHX,1440,9,32,0,,0,0,0,0,0,0
2004,1,19,1,1155,1155,1430,1444,UA,499,N587UA,215,229,197,-14,0,ORD,PHX,1440,5,13,0,,0,0,0,0,0,0
2004,1,20,2,1157,1155,1441,1444,UA,499,N553UA,224,229,203,-3,2,ORD,PHX,1440,7,14,0,,0,0,0,0,0,0
2004,1,21,3,1154,1155,1428,1444,UA,499,N523UA,214,229,192,-16,-1,ORD,PHX,1440,6,16,0,,0,0,0,0,0,0
2004,1,22,4,1155,1155,1447,1444,UA,499,N519UA,232,229,203,3,0,ORD,PHX,1440,5,24,0,,0,0,0,0,0,0
2004,1,23,5,1208,1155,1441,1444,UA,499,N511UA,213,229,183,-3,13,ORD,PHX,1440,6,24,0,,0,0,0,0,0,0
2004,1,24,6,1200,1155,1455,1449,UA,499,N348UA,235,234,205,6,5,ORD,PHX,1440,4,26,0,,0,0,0,0,0,0
2004,1,25,7,1155,1155,1442,1444,UA,499,N507UA,227,229,194,-2,0,ORD,PHX,1440,16,17,0,,0,0,0,0,0,0
2004,1,26,1,1154,1155,1512,1444,UA,499,N539UA,258,229,194,28,-1,ORD,PHX,1440,8,56,0,,0,0,0,28,0,0
2004,1,27,2,1157,1155,1435,1444,UA,499,N562UA,218,229,191,-9,2,ORD,PHX,1440,7,20,0,,0,0,0,0,0,0
2004,1,28,3,1233,1155,1509,1444,UA,499,N526UA,216,229,196,25,38,ORD,PHX,1440,7,13,0,,0,0,25,0,0,0
2004,1,29,4,1228,1155,1500,1444,UA,499,N557UA,212,229,182,16,33,ORD,PHX,1440,6,24,0,,0,16,0,0,0,0
2004,1,30,5,1213,1155,1441,1444,UA,499,N573UA,208,229,186,-3,18,ORD,PHX,1440,5,17,0,,0,0,0,0,0,0
2004,1,31,6,1153,1155,1442,1449,UA,499,N303UA,229,234,209,-7,-2,ORD,PHX,1440,8,12,0,,0,0,0,0,0,0
2004,1,7,3,909,910,1054,1055,UA,499,N575UA,165,165,148,-1,-1,TPA,ORD,1012,5,12,0,,0,0,0,0,0,0
2004,1,8,4,906,910,1051,1055,UA,499,N525UA,165,165,140,-4,-4,TPA,ORD,1012,9,16,0,,0,0,0,0,0,0
2004,1,9,5,908,910,1051,1055,UA,499,N563UA,163,165,139,-4,-2,TPA,ORD,1012,10,14,0,,0,0,0,0,0,0
2004,1,10,6,858,910,1036,1100,UA,499,N338UA,158,170,144,-24,-12,TPA,ORD,1012,4,10,0,,0,0,0,0,0,0
2004,1,11,7,905,910,1046,1055,UA,499,N575UA,161,165,143,-9,-5,TPA,ORD,1012,4,14,0,,0,0,0,0,0,0
2004,1,12,1,906,910,1046,1055,UA,499,N540UA,160,165,144,-9,-4,TPA,ORD,1012,4,12,0,,0,0,0,0,0,0
2004,1,13,2,902,910,1054,1055,UA,499,N502UA,172,165,148,-1,-8,TPA,ORD,1012,9,15,0,,0,0,0,0,0,0
2004,1,14,3,906,910,1053,1055,UA,499,N538UA,167,165,149,-2,-4,TPA,ORD,1012,5,13,0,,0,0,0,0,0,0
2004,1,15,4,905,910,1124,1055,UA,499,N526UA,199,165,178,29,-5,TPA,ORD,1012,9,12,0,,0,0,0,29,0,0
2004,1,16,5,902,910,1047,1055,UA,499,N571UA,165,165,149,-8,-8,TPA,ORD,1012,4,12,0,,0,0,0,0,0,0
2004,1,17,6,1006,910,1151,1100,UA,499,N951UA,165,170,143,51,56,TPA,ORD,1012,4,18,0,,0,0,0,51,0,0
2004,1,18,7,905,910,1036,1055,UA,499,N588UA,151,165,128,-19,-5,TPA,ORD,1012,10,13,0,,0,0,0,0,0,0
2004,1,19,1,909,910,1056,1055,UA,499,N587UA,167,165,147,1,-1,TPA,ORD,1012,10,10,0,,0,0,0,0,0,0
2004,1,20,2,904,910,1048,1055,UA,499,N553UA,164,165,145,-7,-6,TPA,ORD,1012,9,10,0,,0,0,0,0,0,0
2004,1,21,3,908,910,1051,1055,UA,499,N523UA,163,165,148,-4,-2,TPA,ORD,1012,5,10,0,,0,0,0,0,0,0
2004,1,22,4,908,910,1104,1055,UA,499,N519UA,176,165,152,9,-2,TPA,ORD,1012,11,13,0,,0,0,0,0,0,0
2004,1,23,5,904,910,1102,1055,UA,499,N511UA,178,165,155,7,-6,TPA,ORD,1012,10,13,0,,0,0,0,0,0,0
2004,1,24,6,905,910,1100,1100,UA,499,N953UA,175,170,155,0,-5,TPA,ORD,1012,8,12,0,,0,0,0,0,0,0
2004,1,25,7,904,910,1048,1055,UA,499,N507UA,164,165,141,-7,-6,TPA,ORD,1012,9,14,0,,0,0,0,0,0,0
2004,1,26,1,906,910,1054,1055,UA,499,N539UA,168,165,148,-1,-4,TPA,ORD,1012,8,12,0,,0,0,0,0,0,0
2004,1,27,2,906,910,1034,1055,UA,499,N562UA,148,165,127,-21,-4,TPA,ORD,1012,6,15,0,,0,0,0,0,0,0
2004,1,28,3,908,910,1055,1055,UA,499,N526UA,167,165,151,0,-2,TPA,ORD,1012,5,11,0,,0,0,0,0,0,0
2004,1,29,4,908,910,1105,1055,UA,499,N557UA,177,165,149,10,-2,TPA,ORD,1012,4,24,0,,0,0,0,0,0,0
2004,1,30,5,905,910,1045,1055,UA,499,N573UA,160,165,142,-10,-5,TPA,ORD,1012,5,13,0,,0,0,0,0,0,0
2004,1,31,6,900,910,1038,1100,UA,499,N905UA,158,170,142,-22,-10,TPA,ORD,1012,3,13,0,,0,0,0,0,0,0
2004,1,1,4,1016,1020,1204,1219,UA,500,N395UA,48,59,32,-15,-4,ORD,IND,177,7,9,0,,0,0,0,0,0,0
2004,1,2,5,1023,1020,1217,1219,UA,500,N395UA,54,59,33,-2,3,ORD,IND,177,7,14,0,,0,0,0,0,0,0
2004,1,3,6,1118,1020,1319,1219,UA,500,N921UA,61,59,39,60,58,ORD,IND,177,8,14,0,,0,0,0,2,0,58
2004,1,4,7,1030,1020,1258,1219,UA,500,N369UA,88,59,42,39,10,ORD,IND,177,9,37,0,,0,0,10,29,0,0
2004,1,5,1,1142,1020,1348,1219,UA,500,N394UA,66,59,38,89,82,ORD,IND,177,4,24,0,,0,0,0,7,0,82
2004,1,6,2,1014,1020,1221,1219,UA,500,N366UA,67,59,35,2,-6,ORD,IND,177,9,23,0,,0,0,0,0,0,0
2004,1,7,3,1322,1325,1540,1522,UA,500,N329UA,78,57,33,18,-3,ORD,IND,177,8,37,0,,0,0,0,18,0,0
2004,1,8,4,1330,1325,1531,1522,UA,500,N308UA,61,57,33,9,5,ORD,IND,177,8,20,0,,0,0,0,0,0,0
2004,1,9,5,1327,1325,1540,1522,UA,500,N333UA,73,57,39,18,2,ORD,IND,177,7,27,0,,0,0,0,18,0,0
2004,1,10,6,1323,1325,1518,1522,UA,500,N343UA,55,57,29,-4,-2,ORD,IND,177,12,14,0,,0,0,0,0,0,0
2004,1,11,7,1323,1325,1528,1522,UA,500,N331UA,65,57,31,6,-2,ORD,IND,177,25,9,0,,0,0,0,0,0,0
2004,1,12,1,1324,1325,1512,1522,UA,500,N308UA,48,57,35,-10,-1,ORD,IND,177,3,10,0,,0,0,0,0,0,0
2004,1,13,2,1323,1325,1520,1522,UA,500,N311UA,57,57,34,-2,-2,ORD,IND,177,4,19,0,,0,0,0,0,0,0
2004,1,14,3,1322,1325,1513,1522,UA,500,N342UA,51,57,33,-9,-3,ORD,IND,177,9,9,0,,0,0,0,0,0,0
2004,1,15,4,1323,1325,1517,1522,UA,500,N306UA,54,57,33,-5,-2,ORD,IND,177,7,14,0,,0,0,0,0,0,0
2004,1,16,5,1324,1325,1511,1522,UA,500,N320UA,47,57,31,-11,-1,ORD,IND,177,2,14,0,,0,0,0,0,0,0
2004,1,17,6,1325,1325,1539,1522,UA,500,N348UA,74,57,37,17,0,ORD,IND,177,8,29,0,,0,0,0,17,0,0
2004,1,18,7,1322,1325,1521,1522,UA,500,N364UA,59,57,35,-1,-3,ORD,IND,177,4,20,0,,0,0,0,0,0,0
2004,1,19,1,1323,1325,1525,1522,UA,500,N333UA,62,57,32,3,-2,ORD,IND,177,21,9,0,,0,0,0,0,0,0
2004,1,20,2,1325,1325,1535,1522,UA,500,N203UA,70,57,31,13,0,ORD,IND,177,11,28,0,,0,0,0,0,0,0
2004,1,21,3,1325,1325,1516,1522,UA,500,N352UA,51,57,31,-6,0,ORD,IND,177,11,9,0,,0,0,0,0,0,0
2004,1,22,4,1322,1325,1520,1522,UA,500,N303UA,58,57,33,-2,-3,ORD,IND,177,4,21,0,,0,0,0,0,0,0
2004,1,23,5,1326,1325,1532,1522,UA,500,N310UA,66,57,30,10,1,ORD,IND,177,11,25,0,,0,0,0,0,0,0
2004,1,24,6,1321,1325,1520,1522,UA,500,N307UA,59,57,29,-2,-4,ORD,IND,177,10,20,0,,0,0,0,0,0,0
2004,1,25,7,1326,1325,1607,1522,UA,500,N323UA,101,57,45,45,1,ORD,IND,177,12,44,0,,0,0,0,45,0,0
2004,1,26,1,1330,1325,1605,1522,UA,500,N378UA,95,57,40,43,5,ORD,IND,177,10,45,0,,0,0,0,43,0,0
2004,1,27,2,NA,1325,NA,1522,UA,500,000000,NA,57,NA,NA,NA,ORD,IND,177,0,0,1,B,0,0,0,0,0,0
2004,1,28,3,1325,1325,1524,1522,UA,500,N305UA,59,57,31,2,0,ORD,IND,177,13,15,0,,0,0,0,0,0,0
2004,1,29,4,1340,1325,1548,1522,UA,500,N306UA,68,57,34,26,15,ORD,IND,177,13,21,0,,0,15,0,11,0,0
2004,1,30,5,1330,1325,1525,1522,UA,500,N922UA,55,57,33,3,5,ORD,IND,177,13,9,0,,0,0,0,0,0,0
2004,1,31,6,1322,1325,1516,1522,UA,500,N365UA,54,57,32,-6,-3,ORD,IND,177,10,12,0,,0,0,0,0,0,0
2004,1,7,3,829,820,1236,1222,UA,500,N329UA,187,182,139,14,9,SLC,ORD,1249,5,43,0,,0,0,0,0,0,0
2004,1,8,4,1022,820,1514,1222,UA,500,N203UA,232,182,156,172,122,SLC,ORD,1249,9,67,0,,0,0,122,50,0,0
2004,1,9,5,810,820,1252,1222,UA,500,N935UA,222,182,164,30,-10,SLC,ORD,1249,9,49,0,,0,0,0,30,0,0
2004,1,10,6,823,820,1224,1222,UA,500,N953UA,181,182,153,2,3,SLC,ORD,1249,5,23,0,,0,0,0,0,0,0
2004,1,11,7,828,820,1237,1222,UA,500,N331UA,189,182,152,15,8,SLC,ORD,1249,4,33,0,,0,0,0,15,0,0
2004,1,12,1,824,820,1230,1222,UA,500,N308UA,186,182,151,8,4,SLC,ORD,1249,3,32,0,,0,0,0,0,0,0
2004,1,13,2,817,820,1225,1222,UA,500,N311UA,188,182,159,3,-3,SLC,ORD,1249,5,24,0,,0,0,0,0,0,0
2004,1,14,3,815,820,1226,1222,UA,500,N329UA,191,182,156,4,-5,SLC,ORD,1249,4,31,0,,0,0,0,0,0,0
2004,1,15,4,815,820,1233,1222,UA,500,N324UA,198,182,161,11,-5,SLC,ORD,1249,8,29,0,,0,0,0,0,0,0
2004,1,16,5,818,820,1217,1222,UA,500,N320UA,179,182,154,-5,-2,SLC,ORD,1249,4,21,0,,0,0,0,0,0,0
2004,1,17,6,812,820,1234,1222,UA,500,N917UA,202,182,166,12,-8,SLC,ORD,1249,5,31,0,,0,0,0,0,0,0
2004,1,18,7,820,820,1237,1222,UA,500,N306UA,197,182,173,15,0,SLC,ORD,1249,7,17,0,,0,0,0,15,0,0
2004,1,19,1,826,820,1225,1222,UA,500,N318UA,179,182,160,3,6,SLC,ORD,1249,8,11,0,,0,0,0,0,0,0
2004,1,20,2,832,820,1252,1222,UA,500,N203UA,200,182,156,30,12,SLC,ORD,1249,6,38,0,,0,0,12,18,0,0
2004,1,21,3,811,820,1233,1222,UA,500,N352UA,202,182,170,11,-9,SLC,ORD,1249,7,25,0,,0,0,0,0,0,0
2004,1,22,4,828,820,1248,1222,UA,500,N302UA,200,182,151,26,8,SLC,ORD,1249,5,44,0,,0,0,0,26,0,0
2004,1,23,5,821,820,1249,1222,UA,500,N310UA,208,182,174,27,1,SLC,ORD,1249,3,31,0,,0,0,0,27,0,0
2004,1,24,6,818,820,1237,1222,UA,500,N941UA,199,182,148,15,-2,SLC,ORD,1249,9,42,0,,0,0,0,15,0,0
2004,1,25,7,823,820,1324,1222,UA,500,N353UA,241,182,156,62,3,SLC,ORD,1249,8,77,0,,0,0,0,62,0,0
2004,1,26,1,901,820,1333,1222,UA,500,N365UA,212,182,191,71,41,SLC,ORD,1249,8,13,0,,0,41,0,30,0,0
2004,1,27,2,844,820,1300,1222,UA,500,N346UA,196,182,165,38,24,SLC,ORD,1249,6,25,0,,0,0,0,38,0,0
2004,1,28,3,814,820,1219,1222,UA,500,N305UA,185,182,158,-3,-6,SLC,ORD,1249,5,22,0,,0,0,0,0,0,0
2004,1,29,4,836,820,1246,1222,UA,500,N306UA,190,182,165,24,16,SLC,ORD,1249,6,19,0,,0,0,0,24,0,0
2004,1,30,5,818,820,1220,1222,UA,500,N922UA,182,182,149,-2,-2,SLC,ORD,1249,5,28,0,,0,0,0,0,0,0
2004,1,31,6,819,820,1221,1222,UA,500,N383UA,182,182,149,-1,-1,SLC,ORD,1249,2,31,0,,0,0,0,0,0,0
2004,1,7,3,1614,1620,1708,1725,UA,501,N322UA,114,125,93,-17,-6,ATL,ORD,606,4,17,0,,0,0,0,0,0,0
2004,1,8,4,1612,1620,1750,1725,UA,501,N310UA,158,125,94,25,-8,ATL,ORD,606,21,43,0,,0,0,0,25,0,0
2004,1,9,5,1623,1620,1740,1725,UA,501,N307UA,137,125,93,15,3,ATL,ORD,606,15,29,0,,0,0,0,15,0,0
2004,1,11,7,1617,1620,1721,1725,UA,501,N311UA,124,125,95,-4,-3,ATL,ORD,606,8,21,0,,0,0,0,0,0,0
2004,1,12,1,1619,1620,1729,1725,UA,501,N322UA,130,125,98,4,-1,ATL,ORD,606,2,30,0,,0,0,0,0,0,0
2004,1,13,2,1616,1620,1725,1725,UA,501,N342UA,129,125,97,0,-4,ATL,ORD,606,18,14,0,,0,0,0,0,0,0
2004,1,14,3,1621,1620,1745,1725,UA,501,N345UA,144,125,100,20,1,ATL,ORD,606,10,34,0,,0,0,0,20,0,0
2004,1,15,4,1622,1620,1727,1725,UA,501,N323UA,125,125,96,2,2,ATL,ORD,606,13,16,0,,0,0,0,0,0,0
2004,1,16,5,1625,1620,1746,1725,UA,501,N325UA,141,125,101,21,5,ATL,ORD,606,7,33,0,,0,0,0,21,0,0
2004,1,18,7,1611,1620,1731,1725,UA,501,N311UA,140,125,96,6,-9,ATL,ORD,606,26,18,0,,0,0,0,0,0,0
2004,1,19,1,1618,1620,1756,1725,UA,501,N321UA,158,125,99,31,-2,ATL,ORD,606,10,49,0,,0,0,0,31,0,0
2004,1,20,2,1612,1620,1716,1725,UA,501,N308UA,124,125,96,-9,-8,ATL,ORD,606,11,17,0,,0,0,0,0,0,0
2004,1,21,3,1733,1620,1849,1725,UA,501,N305UA,136,125,101,84,73,ATL,ORD,606,3,32,0,,0,0,0,84,0,0
2004,1,22,4,1619,1620,1732,1725,UA,501,N349UA,133,125,98,7,-1,ATL,ORD,606,5,30,0,,0,0,0,0,0,0
2004,1,23,5,1708,1620,1831,1725,UA,501,N336UA,143,125,99,66,48,ATL,ORD,606,14,30,0,,0,0,0,66,0,0
2004,1,25,7,1721,1620,1837,1725,UA,501,N350UA,136,125,99,72,61,ATL,ORD,606,13,24,0,,0,0,0,72,0,0
2004,1,26,1,NA,1620,NA,1725,UA,501,000000,NA,125,NA,NA,NA,ATL,ORD,606,0,0,1,C,0,0,0,0,0,0
2004,1,27,2,1649,1620,1751,1725,UA,501,N306UA,122,125,95,26,29,ATL,ORD,606,6,21,0,,0,0,0,25,0,1
2004,1,28,3,1703,1620,1821,1725,UA,501,N924UA,138,125,107,56,43,ATL,ORD,606,4,27,0,,0,0,0,56,0,0
2004,1,29,4,1710,1620,1851,1725,UA,501,N943UA,161,125,95,86,50,ATL,ORD,606,25,41,0,,0,0,0,86,0,0
2004,1,30,5,1634,1620,1754,1725,UA,501,N350UA,140,125,102,29,14,ATL,ORD,606,13,25,0,,0,0,0,29,0,0
2004,1,1,4,1448,1456,1555,1604,UA,501,N945UA,127,128,103,-9,-8,BWI,ORD,622,17,7,0,,0,0,0,0,0,0
2004,1,2,5,1643,1456,1911,1604,UA,501,N950UA,208,128,115,187,107,BWI,ORD,622,7,86,0,,0,0,0,187,0,0
2004,1,3,6,1544,1456,1644,1604,UA,501,N901UA,120,128,99,40,48,BWI,ORD,622,12,9,0,,0,0,0,0,0,40
2004,1,4,7,1934,1456,2120,1604,UA,501,N950UA,166,128,134,316,278,BWI,ORD,622,14,18,0,,0,0,0,307,0,9
2004,1,5,1,1725,1456,1851,1604,UA,501,N946UA,146,128,114,167,149,BWI,ORD,622,7,25,0,,0,0,0,34,0,133
2004,1,6,2,1617,1456,1749,1604,UA,501,N314UA,152,128,131,105,81,BWI,ORD,622,5,16,0,,0,0,0,28,0,77
2004,1,1,4,1654,1655,1833,1826,UA,501,N945UA,99,91,73,7,-1,ORD,MCI,403,3,23,0,,0,0,0,0,0,0
2004,1,2,5,1825,1655,2035,1826,UA,501,N949UA,130,91,72,129,90,ORD,MCI,403,46,12,0,,0,16,0,39,0,74
2004,1,3,6,1925,1655,2049,1826,UA,501,N901UA,84,91,72,143,150,ORD,MCI,403,4,8,0,,0,125,0,0,0,18
2004,1,4,7,NA,1655,NA,1826,UA,501,000000,NA,91,NA,NA,NA,ORD,MCI,403,0,0,1,B,0,0,0,0,0,0
2004,1,5,1,1818,1655,2001,1826,UA,501,N930UA,103,91,79,95,83,ORD,MCI,403,14,10,0,,0,8,0,12,0,75
2004,1,6,2,1716,1655,1856,1826,UA,501,N913UA,100,91,66,30,21,ORD,MCI,403,7,27,0,,0,21,0,9,0,0
2004,1,10,6,859,900,1256,1251,UA,502,N905UA,177,171,149,5,-1,ORD,PBI,1144,5,23,0,,0,0,0,0,0,0
2004,1,17,6,900,900,1254,1251,UA,502,N939UA,174,171,156,3,0,ORD,PBI,1144,4,14,0,,0,0,0,0,0,0
2004,1,24,6,855,900,1234,1251,UA,502,N905UA,159,171,141,-17,-5,ORD,PBI,1144,4,14,0,,0,0,0,0,0,0
2004,1,31,6,902,900,1302,1251,UA,502,N935UA,180,171,150,11,2,ORD,PBI,1144,6,24,0,,0,0,0,0,0,0
2004,1,1,4,1357,1400,1456,1500,UA,502,N921UA,119,120,103,-4,-3,PHX,SFO,651,6,10,0,,0,0,0,0,0,0
2004,1,2,5,1410,1400,1602,1500,UA,502,N933UA,172,120,112,62,10,PHX,SFO,651,6,54,0,,0,0,0,62,0,0
2004,1,3,6,1456,1400,1615,1500,UA,502,N926UA,139,120,114,75,56,PHX,SFO,651,11,14,0,,0,12,0,19,0,44
2004,1,4,7,1419,1400,1516,1500,UA,502,N919UA,117,120,104,16,19,PHX,SFO,651,4,9,0,,0,8,0,0,0,8
2004,1,5,1,1442,1400,1528,1500,UA,502,N924UA,106,120,92,28,42,PHX,SFO,651,4,10,0,,0,17,0,0,0,11
2004,1,6,2,1359,1400,1450,1500,UA,502,N923UA,111,120,97,-10,-1,PHX,SFO,651,6,8,0,,0,0,0,0,0,0
2004,1,7,3,1916,1918,2034,2025,UA,503,N940UA,138,127,118,9,-2,CLT,ORD,599,7,13,0,,0,0,0,0,0,0
2004,1,8,4,2025,1918,2137,2025,UA,503,N956UA,132,127,102,72,67,CLT,ORD,599,9,21,0,,0,7,0,5,0,60
2004,1,9,5,2003,1918,2057,2025,UA,503,N948UA,114,127,90,32,45,CLT,ORD,599,14,10,0,,0,0,0,0,0,32
2004,1,11,7,1917,1923,2031,2030,UA,503,N948UA,134,127,118,1,-6,CLT,ORD,599,7,9,0,,0,0,0,0,0,0
2004,1,12,1,1917,1918,2054,2025,UA,503,N943UA,157,127,104,29,-1,CLT,ORD,599,5,48,0,,0,0,0,29,0,0
2004,1,13,2,1912,1918,2028,2025,UA,503,N907UA,136,127,106,3,-6,CLT,ORD,599,16,14,0,,0,0,0,0,0,0
2004,1,14,3,1914,1918,2038,2025,UA,503,N305UA,144,127,110,13,-4,CLT,ORD,599,8,26,0,,0,0,0,0,0,0
2004,1,15,4,1911,1918,2018,2025,UA,503,N954UA,127,127,105,-7,-7,CLT,ORD,599,9,13,0,,0,0,0,0,0,0
2004,1,16,5,1919,1918,2018,2025,UA,503,N939UA,119,127,103,-7,1,CLT,ORD,599,6,10,0,,0,0,0,0,0,0
2004,1,18,7,1944,1923,2042,2030,UA,503,N314UA,118,127,95,12,21,CLT,ORD,599,12,11,0,,0,0,0,0,0,0
2004,1,19,1,1912,1918,2013,2025,UA,503,N904UA,121,127,93,-12,-6,CLT,ORD,599,17,11,0,,0,0,0,0,0,0
2004,1,20,2,1917,1918,2011,2025,UA,503,N948UA,114,127,99,-14,-1,CLT,ORD,599,5,10,0,,0,0,0,0,0,0
2004,1,21,3,1915,1918,2100,2025,UA,503,N905UA,165,127,119,35,-3,CLT,ORD,599,3,43,0,,0,0,0,35,0,0
2004,1,22,4,1907,1918,2020,2025,UA,503,N957UA,133,127,117,-5,-11,CLT,ORD,599,5,11,0,,0,0,0,0,0,0
2004,1,23,5,2015,1918,2132,2025,UA,503,N909UA,137,127,106,67,57,CLT,ORD,599,18,13,0,,0,0,0,10,0,57
2004,1,25,7,1938,1923,2047,2030,UA,503,N951UA,129,127,89,17,15,CLT,ORD,599,11,29,0,,0,0,0,17,0,0
2004,1,26,1,NA,1918,NA,2025,UA,503,000000,NA,127,NA,NA,NA,CLT,ORD,599,0,0,1,B,0,0,0,0,0,0
2004,1,27,2,1915,1918,2043,2025,UA,503,N937UA,148,127,97,18,-3,CLT,ORD,599,6,45,0,,0,0,0,18,0,0
2004,1,28,3,2028,1918,2144,2025,UA,503,N946UA,136,127,104,79,70,CLT,ORD,599,5,27,0,,0,0,0,79,0,0
2004,1,29,4,2222,1918,2323,2025,UA,503,N909UA,121,127,101,178,184,CLT,ORD,599,6,14,0,,0,0,0,0,0,178
2004,1,30,5,1908,1918,2010,2025,UA,503,N942UA,122,127,103,-15,-10,CLT,ORD,599,8,11,0,,0,0,0,0,0,0
2004,1,1,4,1833,1815,2133,2129,UA,504,N412UA,120,134,102,4,18,LAX,DEN,862,4,14,0,,0,0,0,0,0,0
2004,1,2,5,1959,1815,2301,2129,UA,504,N451UA,122,134,95,92,104,LAX,DEN,862,5,22,0,,0,0,0,0,0,92
2004,1,3,6,1839,1815,2149,2130,UA,504,N321UA,130,135,108,19,24,LAX,DEN,862,12,10,0,,0,19,0,0,0,0
2004,1,4,7,1853,1815,2158,2129,UA,504,N463UA,125,134,106,29,38,LAX,DEN,862,5,14,0,,0,0,0,0,0,29
2004,1,5,1,1903,1815,2211,2129,UA,504,N453UA,128,134,111,42,48,LAX,DEN,862,4,13,0,,0,5,0,0,0,37
2004,1,6,2,1818,1815,2119,2129,UA,504,N476UA,121,134,102,-10,3,LAX,DEN,862,4,15,0,,0,0,0,0,0,0
2004,1,7,3,1809,1815,2111,2129,UA,504,N362UA,122,134,104,-18,-6,LAX,DEN,862,5,13,0,,0,0,0,0,0,0
2004,1,8,4,1808,1815,2149,2129,UA,504,N302UA,161,134,119,20,-7,LAX,DEN,862,5,37,0,,0,0,0,20,0,0
2004,1,9,5,1806,1815,2120,2129,UA,504,N334UA,134,134,118,-9,-9,LAX,DEN,862,4,12,0,,0,0,0,0,0,0
2004,1,10,6,1807,1815,2123,2129,UA,504,N388UA,136,134,117,-6,-8,LAX,DEN,862,5,14,0,,0,0,0,0,0,0
2004,1,11,7,1820,1815,2135,2129,UA,504,N382UA,135,134,112,6,5,LAX,DEN,862,4,19,0,,0,0,0,0,0,0
2004,1,12,1,1910,1815,2220,2129,UA,504,N328UA,130,134,112,51,55,LAX,DEN,862,5,13,0,,0,0,0,0,0,51
2004,1,13,2,1805,1815,2126,2129,UA,504,N363UA,141,134,114,-3,-10,LAX,DEN,862,6,21,0,,0,0,0,0,0,0
2004,1,14,3,1806,1815,2116,2129,UA,504,N317UA,130,134,113,-13,-9,LAX,DEN,862,5,12,0,,0,0,0,0,0,0
2004,1,15,4,1811,1815,2122,2129,UA,504,N305UA,131,134,112,-7,-4,LAX,DEN,862,4,15,0,,0,0,0,0,0,0
2004,1,16,5,1830,1815,2153,2129,UA,504,N303UA,143,134,119,24,15,LAX,DEN,862,6,18,0,,0,15,0,9,0,0
2004,1,17,6,1804,1815,2123,2129,UA,504,N353UA,139,134,121,-6,-11,LAX,DEN,862,5,13,0,,0,0,0,0,0,0
2004,1,18,7,1805,1815,2111,2129,UA,504,N392UA,126,134,109,-18,-10,LAX,DEN,862,5,12,0,,0,0,0,0,0,0
2004,1,19,1,2233,1815,145,2129,UA,504,N371UA,132,134,106,256,258,LAX,DEN,862,4,22,0,,0,14,0,0,0,242
2004,1,20,2,1811,1815,2122,2129,UA,504,N304UA,131,134,111,-7,-4,LAX,DEN,862,6,14,0,,0,0,0,0,0,0
2004,1,21,3,1806,1815,2129,2129,UA,504,N345UA,143,134,123,0,-9,LAX,DEN,862,5,15,0,,0,0,0,0,0,0
2004,1,22,4,1811,1815,2139,2129,UA,504,N353UA,148,134,129,10,-4,LAX,DEN,862,4,15,0,,0,0,0,0,0,0
2004,1,23,5,1806,1815,2126,2129,UA,504,N371UA,140,134,124,-3,-9,LAX,DEN,862,4,12,0,,0,0,0,0,0,0
2004,1,24,6,1808,1815,2118,2129,UA,504,N314UA,130,134,113,-11,-7,LAX,DEN,862,3,14,0,,0,0,0,0,0,0
2004,1,25,7,2022,1815,2331,2129,UA,504,N390UA,129,134,111,122,127,LAX,DEN,862,8,10,0,,0,122,0,0,0,0
2004,1,26,1,1809,1815,2121,2129,UA,504,N923UA,132,134,112,-8,-6,LAX,DEN,862,5,15,0,,0,0,0,0,0,0
2004,1,27,2,1807,1815,2124,2129,UA,504,N345UA,137,134,114,-5,-8,LAX,DEN,862,6,17,0,,0,0,0,0,0,0
2004,1,28,3,1804,1815,2136,2129,UA,504,N363UA,152,134,123,7,-11,LAX,DEN,862,6,23,0,,0,0,0,0,0,0
2004,1,29,4,1811,1815,2141,2129,UA,504,N301UA,150,134,128,12,-4,LAX,DEN,862,5,17,0,,0,0,0,0,0,0
2004,1,30,5,1822,1815,2124,2129,UA,504,N315UA,122,134,102,-5,7,LAX,DEN,862,4,16,0,,0,0,0,0,0,0
2004,1,31,6,1809,1815,2123,2129,UA,504,N452UA,134,134,109,-6,-6,LAX,DEN,862,8,17,0,,0,0,0,0,0,0
2004,1,1,4,1636,1643,1933,1919,UA,505,N801UA,297,276,268,14,-7,BOS,DEN,1754,7,22,0,,0,0,0,0,0,0
2004,1,2,5,1640,1643,1929,1919,UA,505,N485UA,289,276,267,10,-3,BOS,DEN,1754,8,14,0,,0,0,0,0,0,0
2004,1,3,6,1652,1643,2019,1919,UA,505,N820UA,327,276,277,60,9,BOS,DEN,1754,30,20,0,,0,9,0,51,0,0
2004,1,4,7,1642,1643,1950,1919,UA,505,N818UA,308,276,283,31,-1,BOS,DEN,1754,5,20,0,,0,0,0,31,0,0
2004,1,1,4,2005,2011,2209,2145,UA,505,N801UA,184,154,156,24,-6,DEN,OAK,957,7,21,0,,0,0,0,24,0,0
2004,1,2,5,2013,2011,2205,2145,UA,505,N485UA,172,154,151,20,2,DEN,OAK,957,10,11,0,,0,0,0,20,0,0
2004,1,3,6,2056,2011,2241,2145,UA,505,N820UA,165,154,140,56,45,DEN,OAK,957,10,15,0,,0,0,0,13,0,43
2004,1,4,7,2050,2011,2226,2145,UA,505,N818UA,156,154,136,41,39,DEN,OAK,957,5,15,0,,0,25,0,2,0,14
2004,1,5,1,2012,2011,2142,2145,UA,505,N414UA,150,154,133,-3,1,DEN,OAK,957,6,11,0,,0,0,0,0,0,0
2004,1,6,2,2009,2011,2151,2145,UA,505,N826UA,162,154,149,6,-2,DEN,OAK,957,4,9,0,,0,0,0,0,0,0
2004,1,7,3,1952,1955,2130,2131,UA,505,N435UA,158,156,143,-1,-3,DEN,OAK,957,4,11,0,,0,0,0,0,0,0
2004,1,8,4,1956,1955,2118,2131,UA,505,N428UA,142,156,127,-13,1,DEN,OAK,957,3,12,0,,0,0,0,0,0,0
2004,1,9,5,1955,1955,2126,2131,UA,505,N822UA,151,156,131,-5,0,DEN,OAK,957,6,14,0,,0,0,0,0,0,0
2004,1,10,6,1958,1955,2127,2131,UA,505,N822UA,149,156,131,-4,3,DEN,OAK,957,6,12,0,,0,0,0,0,0,0
2004,1,11,7,1952,1955,2114,2131,UA,505,N447UA,142,156,126,-17,-3,DEN,OAK,957,5,11,0,,0,0,0,0,0,0
2004,1,12,1,1951,1955,2124,2131,UA,505,N441UA,153,156,129,-7,-4,DEN,OAK,957,6,18,0,,0,0,0,0,0,0
2004,1,13,2,1950,1955,2110,2131,UA,505,N488UA,140,156,122,-21,-5,DEN,OAK,957,5,13,0,,0,0,0,0,0,0
2004,1,14,3,1954,1955,2120,2131,UA,505,N492UA,146,156,129,-11,-1,DEN,OAK,957,6,11,0,,0,0,0,0,0,0
2004,1,15,4,1956,1955,2116,2131,UA,505,N418UA,140,156,125,-15,1,DEN,OAK,957,4,11,0,,0,0,0,0,0,0
2004,1,16,5,1956,1955,2117,2131,UA,505,N490UA,141,156,126,-14,1,DEN,OAK,957,4,11,0,,0,0,0,0,0,0
2004,1,17,6,1952,1955,2118,2131,UA,505,N458UA,146,156,126,-13,-3,DEN,OAK,957,5,15,0,,0,0,0,0,0,0
2004,1,18,7,1953,1955,2138,2131,UA,505,N458UA,165,156,139,7,-2,DEN,OAK,957,10,16,0,,0,0,0,0,0,0
2004,1,19,1,1952,1955,2119,2131,UA,505,N459UA,147,156,132,-12,-3,DEN,OAK,957,5,10,0,,0,0,0,0,0,0
2004,1,20,2,1952,1955,2113,2131,UA,505,N449UA,141,156,125,-18,-3,DEN,OAK,957,4,12,0,,0,0,0,0,0,0
2004,1,21,3,2002,1955,2120,2131,UA,505,N415UA,138,156,121,-11,7,DEN,OAK,957,6,11,0,,0,0,0,0,0,0
2004,1,22,4,1956,1955,2115,2131,UA,505,N443UA,139,156,119,-16,1,DEN,OAK,957,7,13,0,,0,0,0,0,0,0
2004,1,23,5,1953,1955,2119,2131,UA,505,N485UA,146,156,129,-12,-2,DEN,OAK,957,7,10,0,,0,0,0,0,0,0
2004,1,24,6,1949,1955,2118,2131,UA,505,N460UA,149,156,133,-13,-6,DEN,OAK,957,5,11,0,,0,0,0,0,0,0
2004,1,25,7,2026,1955,2244,2131,UA,505,N413UA,198,156,131,73,31,DEN,OAK,957,5,62,0,,0,0,31,42,0,0
2004,1,26,1,2025,1955,2157,2131,UA,505,N428UA,152,156,133,26,30,DEN,OAK,957,6,13,0,,0,0,0,0,0,26
2004,1,27,2,1953,1955,2121,2131,UA,505,N426UA,148,156,131,-10,-2,DEN,OAK,957,5,12,0,,0,0,0,0,0,0
2004,1,28,3,1952,1955,2114,2131,UA,505,N442UA,142,156,126,-17,-3,DEN,OAK,957,4,12,0,,0,0,0,0,0,0
2004,1,29,4,2027,1955,2156,2131,UA,505,N467UA,149,156,131,25,32,DEN,OAK,957,4,14,0,,0,0,0,0,0,25
2004,1,30,5,2055,1955,2236,2131,UA,505,N459UA,161,156,143,65,60,DEN,OAK,957,4,14,0,,0,42,0,5,0,18
2004,1,31,6,2000,1955,2138,2131,UA,505,N498UA,158,156,129,7,5,DEN,OAK,957,4,25,0,,0,0,0,0,0,0
2004,1,7,3,1810,1815,1852,1904,UA,505,N388UA,162,169,148,-12,-5,IND,DEN,977,5,9,0,,0,0,0,0,0,0
2004,1,8,4,1810,1815,1848,1900,UA,505,N428UA,158,165,140,-12,-5,IND,DEN,977,6,12,0,,0,0,0,0,0,0
2004,1,9,5,1811,1815,1851,1900,UA,505,N801UA,160,165,142,-9,-4,IND,DEN,977,7,11,0,,0,0,0,0,0,0
2004,1,10,6,1812,1815,1850,1900,UA,505,N498UA,158,165,136,-10,-3,IND,DEN,977,15,7,0,,0,0,0,0,0,0
2004,1,11,7,1810,1815,1856,1859,UA,505,N512UA,166,164,145,-3,-5,IND,DEN,977,8,13,0,,0,0,0,0,0,0
2004,1,12,1,1809,1815,1856,1900,UA,505,N441UA,167,165,143,-4,-6,IND,DEN,977,13,11,0,,0,0,0,0,0,0
2004,1,13,2,1811,1815,1844,1900,UA,505,N488UA,153,165,139,-16,-4,IND,DEN,977,5,9,0,,0,0,0,0,0,0
2004,1,14,3,1810,1815,1849,1900,UA,505,N492UA,159,165,141,-11,-5,IND,DEN,977,5,13,0,,0,0,0,0,0,0
2004,1,15,4,1814,1815,1851,1900,UA,505,N415UA,157,165,139,-9,-1,IND,DEN,977,8,10,0,,0,0,0,0,0,0
2004,1,16,5,1815,1815,1856,1900,UA,505,N490UA,161,165,145,-4,0,IND,DEN,977,8,8,0,,0,0,0,0,0,0
2004,1,17,6,1807,1815,1837,1900,UA,505,N458UA,150,165,135,-23,-8,IND,DEN,977,7,8,0,,0,0,0,0,0,0
2004,1,18,7,1810,1815,1847,1859,UA,505,N560UA,157,164,138,-12,-5,IND,DEN,977,7,12,0,,0,0,0,0,0,0
2004,1,19,1,1809,1815,1852,1900,UA,505,N419UA,163,165,142,-8,-6,IND,DEN,977,7,14,0,,0,0,0,0,0,0
2004,1,20,2,1808,1815,1900,1900,UA,505,N449UA,172,165,154,0,-7,IND,DEN,977,9,9,0,,0,0,0,0,0,0
2004,1,21,3,1813,1815,1850,1900,UA,505,N415UA,157,165,141,-10,-2,IND,DEN,977,6,10,0,,0,0,0,0,0,0
2004,1,22,4,1815,1815,1851,1900,UA,505,N419UA,156,165,140,-9,0,IND,DEN,977,6,10,0,,0,0,0,0,0,0
2004,1,23,5,1814,1815,1859,1900,UA,505,N485UA,165,165,145,-1,-1,IND,DEN,977,9,11,0,,0,0,0,0,0,0
2004,1,24,6,1813,1815,1856,1900,UA,505,N460UA,163,165,145,-4,-2,IND,DEN,977,7,11,0,,0,0,0,0,0,0
2004,1,25,7,1848,1815,1958,1859,UA,505,N508UA,190,164,149,59,33,IND,DEN,977,19,22,0,,0,33,0,26,0,0
2004,1,26,1,1921,1815,1952,1900,UA,505,N428UA,151,165,133,52,66,IND,DEN,977,7,11,0,,0,0,0,0,0,52
2004,1,27,2,1814,1815,1854,1900,UA,505,N426UA,160,165,142,-6,-1,IND,DEN,977,7,11,0,,0,0,0,0,0,0
2004,1,28,3,1812,1815,1851,1900,UA,505,N442UA,159,165,142,-9,-3,IND,DEN,977,6,11,0,,0,0,0,0,0,0
2004,1,29,4,1900,1815,1944,1900,UA,505,N467UA,164,165,141,44,45,IND,DEN,977,7,16,0,,0,44,0,0,0,0
2004,1,30,5,1813,1815,1901,1900,UA,505,N477UA,168,165,154,1,-2,IND,DEN,977,6,8,0,,0,0,0,0,0,0
2004,1,31,6,1806,1815,1849,1900,UA,505,N430UA,163,165,143,-11,-9,IND,DEN,977,11,9,0,,0,0,0,0,0,0
2004,1,7,3,2100,2000,2227,2059,UA,506,N944UA,147,119,116,88,60,PHX,SFO,651,5,26,0,,0,0,0,88,0,0
2004,1,8,4,1954,2000,2035,2059,UA,506,N314UA,101,119,87,-24,-6,PHX,SFO,651,3,11,0,,0,0,0,0,0,0
2004,1,9,5,2207,2000,2302,2059,UA,506,N316UA,115,119,92,123,127,PHX,SFO,651,5,18,0,,0,0,0,123,0,0
2004,1,10,6,1952,2000,2041,2059,UA,506,N309UA,109,119,95,-18,-8,PHX,SFO,651,5,9,0,,0,0,0,0,0,0
2004,1,11,7,2002,2000,2050,2059,UA,506,N391UA,108,119,94,-9,2,PHX,SFO,651,3,11,0,,0,0,0,0,0,0
2004,1,12,1,1957,2000,2041,2059,UA,506,N343UA,104,119,93,-18,-3,PHX,SFO,651,3,8,0,,0,0,0,0,0,0
2004,1,13,2,1948,2000,2033,2059,UA,506,N946UA,105,119,96,-26,-12,PHX,SFO,651,2,7,0,,0,0,0,0,0,0
2004,1,14,3,1955,2000,2038,2059,UA,506,N202UA,103,119,93,-21,-5,PHX,SFO,651,3,7,0,,0,0,0,0,0,0
2004,1,15,4,1949,2000,2047,2059,UA,506,N317UA,118,119,103,-12,-11,PHX,SFO,651,5,10,0,,0,0,0,0,0,0
2004,1,16,5,2100,2000,2205,2059,UA,506,N312UA,125,119,99,66,60,PHX,SFO,651,8,18,0,,0,0,0,66,0,0
2004,1,17,6,1954,2000,2051,2059,UA,506,N352UA,117,119,99,-8,-6,PHX,SFO,651,6,12,0,,0,0,0,0,0,0
2004,1,18,7,1956,2000,2105,2059,UA,506,N373UA,129,119,113,6,-4,PHX,SFO,651,6,10,0,,0,0,0,0,0,0
2004,1,19,1,2004,2000,2151,2059,UA,506,N319UA,167,119,116,52,4,PHX,SFO,651,3,48,0,,0,0,0,52,0,0
2004,1,20,2,1948,2000,2041,2059,UA,506,N949UA,113,119,97,-18,-12,PHX,SFO,651,7,9,0,,0,0,0,0,0,0
2004,1,21,3,1959,2000,2046,2059,UA,506,N328UA,107,119,96,-13,-1,PHX,SFO,651,3,8,0,,0,0,0,0,0,0
2004,1,22,4,1959,2000,2038,2059,UA,506,N915UA,99,119,89,-21,-1,PHX,SFO,651,3,7,0,,0,0,0,0,0,0
2004,1,23,5,2002,2000,2044,2059,UA,506,N904UA,102,119,88,-15,2,PHX,SFO,651,3,11,0,,0,0,0,0,0,0
2004,1,24,6,1952,2000,2049,2059,UA,506,N324UA,117,119,100,-10,-8,PHX,SFO,651,5,12,0,,0,0,0,0,0,0
2004,1,25,7,2020,2000,2123,2059,UA,506,N306UA,123,119,107,24,20,PHX,SFO,651,5,11,0,,0,11,0,4,0,9
2004,1,26,1,2008,2000,2106,2059,UA,506,N318UA,118,119,105,7,8,PHX,SFO,651,4,9,0,,0,0,0,0,0,0
2004,1,27,2,1951,2000,2048,2059,UA,506,N313UA,117,119,104,-11,-9,PHX,SFO,651,4,9,0,,0,0,0,0,0,0
2004,1,28,3,1959,2000,2052,2059,UA,506,N947UA,113,119,97,-7,-1,PHX,SFO,651,4,12,0,,0,0,0,0,0,0
2004,1,29,4,2053,2000,2152,2059,UA,506,N362UA,119,119,98,53,53,PHX,SFO,651,2,19,0,,0,0,0,53,0,0
2004,1,30,5,1954,2000,2100,2059,UA,506,N328UA,126,119,109,1,-6,PHX,SFO,651,5,12,0,,0,0,0,0,0,0
2004,1,31,6,1950,2000,2054,2059,UA,506,N315UA,124,119,110,-5,-10,PHX,SFO,651,4,10,0,,0,0,0,0,0,0
2004,1,7,3,1533,1536,1638,1554,UA,507,N938UA,125,78,56,44,-3,DTW,ORD,235,12,57,0,,0,0,0,44,0,0
2004,1,8,4,1529,1536,1541,1554,UA,507,N952UA,72,78,50,-13,-7,DTW,ORD,235,6,16,0,,0,0,0,0,0,0
2004,1,9,5,1531,1536,1542,1554,UA,507,N901UA,71,78,50,-12,-5,DTW,ORD,235,7,14,0,,0,0,0,0,0,0
2004,1,10,6,1528,1533,1535,1551,UA,507,N952UA,67,78,46,-16,-5,DTW,ORD,235,5,16,0,,0,0,0,0,0,0
2004,1,11,7,1531,1536,1549,1554,UA,507,N305UA,78,78,48,-5,-5,DTW,ORD,235,3,27,0,,0,0,0,0,0,0
2004,1,12,1,1553,1536,1620,1554,UA,507,N954UA,87,78,45,26,17,DTW,ORD,235,18,24,0,,0,0,0,9,0,17
2004,1,13,2,1525,1536,1544,1554,UA,507,N940UA,79,78,50,-10,-11,DTW,ORD,235,3,26,0,,0,0,0,0,0,0
2004,1,14,3,1534,1536,1615,1554,UA,507,N904UA,101,78,52,21,-2,DTW,ORD,235,6,43,0,,0,0,0,21,0,0
2004,1,15,4,1522,1536,1538,1554,UA,507,N935UA,76,78,52,-16,-14,DTW,ORD,235,7,17,0,,0,0,0,0,0,0
2004,1,16,5,1527,1536,1555,1554,UA,507,N902UA,88,78,49,1,-9,DTW,ORD,235,26,13,0,,0,0,0,0,0,0
2004,1,17,6,1621,1533,1641,1551,UA,507,N941UA,80,78,54,50,48,DTW,ORD,235,4,22,0,,0,0,0,50,0,0
2004,1,18,7,1622,1536,1624,1554,UA,507,N905UA,62,78,49,30,46,DTW,ORD,235,4,9,0,,0,0,0,0,0,30
2004,1,19,1,1547,1536,1557,1554,UA,507,N901UA,70,78,49,3,11,DTW,ORD,235,6,15,0,,0,0,0,0,0,0
2004,1,20,2,1529,1536,1551,1554,UA,507,N907UA,82,78,52,-3,-7,DTW,ORD,235,3,27,0,,0,0,0,0,0,0
2004,1,21,3,1645,1536,1647,1554,UA,507,N936UA,62,78,47,53,69,DTW,ORD,235,4,11,0,,0,0,0,53,0,0
2004,1,22,4,1527,1536,1549,1554,UA,507,N951UA,82,78,48,-5,-9,DTW,ORD,235,4,30,0,,0,0,0,0,0,0
2004,1,23,5,1752,1536,1855,1554,UA,507,N936UA,123,78,58,181,136,DTW,ORD,235,4,61,0,,0,0,0,181,0,0
2004,1,24,6,1604,1533,1641,1551,UA,507,N949UA,97,78,70,50,31,DTW,ORD,235,8,19,0,,0,0,0,50,0,0
2004,1,25,7,1523,1536,1538,1554,UA,507,N957UA,75,78,53,-16,-13,DTW,ORD,235,7,15,0,,0,0,0,0,0,0
2004,1,26,1,1751,1536,1853,1554,UA,507,N950UA,122,78,48,179,135,DTW,ORD,235,7,67,0,,0,0,0,179,0,0
2004,1,27,2,1542,1536,1545,1554,UA,507,N343UA,63,78,47,-9,6,DTW,ORD,235,2,14,0,,0,0,0,0,0,0
2004,1,28,3,1638,1536,1645,1554,UA,507,N954UA,67,78,51,51,62,DTW,ORD,235,3,13,0,,0,0,0,51,0,0
2004,1,29,4,1651,1536,1716,1554,UA,507,N939UA,85,78,54,82,75,DTW,ORD,235,10,21,0,,0,0,0,82,0,0
2004,1,30,5,1535,1536,1546,1554,UA,507,N904UA,71,78,39,-8,-1,DTW,ORD,235,5,27,0,,0,0,0,0,0,0
2004,1,31,6,1635,1533,1630,1551,UA,507,N345UA,55,78,42,39,62,DTW,ORD,235,3,10,0,,0,0,0,0,0,39
2004,1,7,3,1642,1640,2000,2010,UA,508,N558UA,138,150,119,-10,2,SEA,DEN,1024,8,11,0,,0,0,0,0,0,0
2004,1,8,4,1640,1640,2002,2010,UA,508,N569UA,142,150,121,-8,0,SEA,DEN,1024,8,13,0,,0,0,0,0,0,0
2004,1,9,5,1636,1640,2010,2010,UA,508,N526UA,154,150,133,0,-4,SEA,DEN,1024,8,13,0,,0,0,0,0,0,0
2004,1,10,6,1623,1630,1953,2003,UA,508,N316UA,150,153,126,-10,-7,SEA,DEN,1024,5,19,0,,0,0,0,0,0,0
2004,1,11,7,1634,1640,2002,2010,UA,508,N556UA,148,150,129,-8,-6,SEA,DEN,1024,9,10,0,,0,0,0,0,0,0
2004,1,12,1,1633,1640,1958,2010,UA,508,N537UA,145,150,125,-12,-7,SEA,DEN,1024,7,13,0,,0,0,0,0,0,0
2004,1,13,2,1636,1640,1958,2010,UA,508,N532UA,142,150,124,-12,-4,SEA,DEN,1024,8,10,0,,0,0,0,0,0,0
2004,1,14,3,1638,1640,2011,2010,UA,508,N506UA,153,150,134,1,-2,SEA,DEN,1024,5,14,0,,0,0,0,0,0,0
2004,1,15,4,1641,1640,2003,2010,UA,508,N564UA,142,150,123,-7,1,SEA,DEN,1024,6,13,0,,0,0,0,0,0,0
2004,1,16,5,1639,1640,2006,2010,UA,508,N569UA,147,150,132,-4,-1,SEA,DEN,1024,4,11,0,,0,0,0,0,0,0
2004,1,17,6,1625,1630,2005,2003,UA,508,N351UA,160,153,133,2,-5,SEA,DEN,1024,8,19,0,,0,0,0,0,0,0
2004,1,18,7,1634,1640,2010,2010,UA,508,N536UA,156,150,122,0,-6,SEA,DEN,1024,20,14,0,,0,0,0,0,0,0
2004,1,19,1,1639,1640,2007,2010,UA,508,N581UA,148,150,124,-3,-1,SEA,DEN,1024,12,12,0,,0,0,0,0,0,0
2004,1,20,2,1644,1640,2016,2010,UA,508,N554UA,152,150,133,6,4,SEA,DEN,1024,10,9,0,,0,0,0,0,0,0
2004,1,21,3,1636,1640,2010,2010,UA,508,N538UA,154,150,123,0,-4,SEA,DEN,1024,11,20,0,,0,0,0,0,0,0
2004,1,22,4,1636,1640,1959,2010,UA,508,N524UA,143,150,121,-11,-4,SEA,DEN,1024,12,10,0,,0,0,0,0,0,0
2004,1,23,5,1636,1640,2003,2010,UA,508,N505UA,147,150,129,-7,-4,SEA,DEN,1024,6,12,0,,0,0,0,0,0,0
2004,1,24,6,1621,1630,1955,2003,UA,508,N904UA,154,153,133,-8,-9,SEA,DEN,1024,12,9,0,,0,0,0,0,0,0
2004,1,25,7,1705,1640,2041,2010,UA,508,N567UA,156,150,133,31,25,SEA,DEN,1024,7,16,0,,0,7,0,6,0,18
2004,1,26,1,1633,1640,1944,2010,UA,508,N575UA,131,150,114,-26,-7,SEA,DEN,1024,8,9,0,,0,0,0,0,0,0
2004,1,27,2,1633,1640,1959,2010,UA,508,N516UA,146,150,118,-11,-7,SEA,DEN,1024,11,17,0,,0,0,0,0,0,0
2004,1,28,3,1632,1640,2000,2010,UA,508,N509UA,148,150,120,-10,-8,SEA,DEN,1024,13,15,0,,0,0,0,0,0,0
2004,1,29,4,1637,1640,1954,2010,UA,508,N563UA,137,150,121,-16,-3,SEA,DEN,1024,6,10,0,,0,0,0,0,0,0
2004,1,30,5,1637,1640,1955,2010,UA,508,N593UA,138,150,116,-15,-3,SEA,DEN,1024,13,9,0,,0,0,0,0,0,0
2004,1,31,6,1637,1630,2006,2003,UA,508,N328UA,149,153,131,3,7,SEA,DEN,1024,7,11,0,,0,0,0,0,0,0
2004,1,7,3,958,1005,1138,1141,UA,509,N524UA,100,96,79,-3,-7,BOS,IAD,413,4,17,0,,0,0,0,0,0,0
2004,1,8,4,1001,1005,1131,1141,UA,509,N570UA,90,96,70,-10,-4,BOS,IAD,413,4,16,0,,0,0,0,0,0,0
2004,1,9,5,1005,1005,1148,1141,UA,509,N530UA,103,96,76,7,0,BOS,IAD,413,4,23,0,,0,0,0,0,0,0
2004,1,10,6,958,1005,1133,1141,UA,509,N531UA,95,96,74,-8,-7,BOS,IAD,413,3,18,0,,0,0,0,0,0,0
2004,1,11,7,1000,1005,1146,1141,UA,509,N567UA,106,96,67,5,-5,BOS,IAD,413,6,33,0,,0,0,0,0,0,0
2004,1,12,1,1004,1005,1134,1141,UA,509,N581UA,90,96,66,-7,-1,BOS,IAD,413,5,19,0,,0,0,0,0,0,0
2004,1,13,2,954,1005,1120,1141,UA,509,N563UA,86,96,70,-21,-11,BOS,IAD,413,4,12,0,,0,0,0,0,0,0
2004,1,14,3,1009,1005,1155,1141,UA,509,N502UA,106,96,73,14,4,BOS,IAD,413,4,29,0,,0,0,0,0,0,0
2004,1,15,4,1003,1005,1139,1141,UA,509,N519UA,96,96,77,-2,-2,BOS,IAD,413,3,16,0,,0,0,0,0,0,0
2004,1,16,5,1104,1005,1233,1141,UA,509,N502UA,89,96,68,52,59,BOS,IAD,413,5,16,0,,0,52,0,0,0,0
2004,1,17,6,1006,1005,1131,1141,UA,509,N589UA,85,96,66,-10,1,BOS,IAD,413,5,14,0,,0,0,0,0,0,0
2004,1,18,7,1006,1005,1157,1141,UA,509,N513UA,111,96,81,16,1,BOS,IAD,413,3,27,0,,0,0,0,16,0,0
2004,1,19,1,1006,1005,1143,1141,UA,509,N542UA,97,96,75,2,1,BOS,IAD,413,4,18,0,,0,0,0,0,0,0
2004,1,20,2,1008,1005,1144,1141,UA,509,N539UA,96,96,77,3,3,BOS,IAD,413,4,15,0,,0,0,0,0,0,0
2004,1,21,3,1003,1005,1139,1141,UA,509,N503UA,96,96,71,-2,-2,BOS,IAD,413,4,21,0,,0,0,0,0,0,0
2004,1,22,4,958,1005,1128,1141,UA,509,N502UA,90,96,72,-13,-7,BOS,IAD,413,4,14,0,,0,0,0,0,0,0
2004,1,23,5,1011,1005,1149,1141,UA,509,N594UA,98,96,73,8,6,BOS,IAD,413,4,21,0,,0,0,0,0,0,0
2004,1,24,6,1001,1005,1145,1141,UA,509,N513UA,104,96,81,4,-4,BOS,IAD,413,6,17,0,,0,0,0,0,0,0
2004,1,25,7,1001,1005,1132,1141,UA,509,N521UA,91,96,75,-9,-4,BOS,IAD,413,3,13,0,,0,0,0,0,0,0
2004,1,26,1,959,1005,1140,1141,UA,509,N519UA,101,96,82,-1,-6,BOS,IAD,413,5,14,0,,0,0,0,0,0,0
2004,1,27,2,958,1005,1140,1141,UA,509,N556UA,102,96,78,-1,-7,BOS,IAD,413,9,15,0,,0,0,0,0,0,0
2004,1,28,3,1002,1005,1157,1141,UA,509,N555UA,115,96,72,16,-3,BOS,IAD,413,5,38,0,,0,0,0,16,0,0
2004,1,29,4,1000,1005,1147,1141,UA,509,N522UA,107,96,82,6,-5,BOS,IAD,413,5,20,0,,0,0,0,0,0,0
2004,1,30,5,1004,1005,1148,1141,UA,509,N571UA,104,96,78,7,-1,BOS,IAD,413,5,21,0,,0,0,0,0,0,0
2004,1,31,6,1004,1005,1150,1141,UA,509,N513UA,106,96,75,9,-1,BOS,IAD,413,4,27,0,,0,0,0,0,0,0
2004,1,7,3,1248,1300,1454,1512,UA,509,N524UA,126,132,107,-18,-12,IAD,MCO,758,5,14,0,,0,0,0,0,0,0
2004,1,8,4,1258,1300,1457,1512,UA,509,N571UA,119,132,101,-15,-2,IAD,MCO,758,4,14,0,,0,0,0,0,0,0
2004,1,9,5,1300,1300,1506,1512,UA,509,N530UA,126,132,108,-6,0,IAD,MCO,758,3,15,0,,0,0,0,0,0,0
2004,1,10,6,1256,1300,1510,1512,UA,509,N531UA,134,132,107,-2,-4,IAD,MCO,758,3,24,0,,0,0,0,0,0,0
2004,1,11,7,1255,1300,1515,1512,UA,509,N574UA,140,132,103,3,-5,IAD,MCO,758,11,26,0,,0,0,0,0,0,0
2004,1,12,1,1257,1300,1453,1512,UA,509,N581UA,116,132,102,-19,-3,IAD,MCO,758,3,11,0,,0,0,0,0,0,0
2004,1,13,2,1250,1300,1457,1512,UA,509,N563UA,127,132,107,-15,-10,IAD,MCO,758,6,14,0,,0,0,0,0,0,0
2004,1,14,3,1253,1300,1457,1512,UA,509,N528UA,124,132,103,-15,-7,IAD,MCO,758,5,16,0,,0,0,0,0,0,0
2004,1,15,4,1257,1300,1502,1512,UA,509,N519UA,125,132,104,-10,-3,IAD,MCO,758,6,15,0,,0,0,0,0,0,0
2004,1,16,5,1316,1300,1510,1512,UA,509,N502UA,114,132,99,-2,16,IAD,MCO,758,4,11,0,,0,0,0,0,0,0
2004,1,17,6,1257,1300,1500,1512,UA,509,N589UA,123,132,105,-12,-3,IAD,MCO,758,3,15,0,,0,0,0,0,0,0
2004,1,18,7,1259,1300,1514,1512,UA,509,N502UA,135,132,111,2,-1,IAD,MCO,758,3,21,0,,0,0,0,0,0,0
2004,1,19,1,1259,1300,1511,1512,UA,509,N542UA,132,132,116,-1,-1,IAD,MCO,758,5,11,0,,0,0,0,0,0,0
2004,1,20,2,1255,1300,1504,1512,UA,509,N505UA,129,132,105,-8,-5,IAD,MCO,758,4,20,0,,0,0,0,0,0,0
2004,1,21,3,1253,1300,1457,1512,UA,509,N503UA,124,132,107,-15,-7,IAD,MCO,758,5,12,0,,0,0,0,0,0,0
2004,1,22,4,1404,1300,1613,1512,UA,509,N502UA,129,132,110,61,64,IAD,MCO,758,7,12,0,,0,0,0,61,0,0
2004,1,23,5,1304,1300,1508,1512,UA,509,N594UA,124,132,104,-4,4,IAD,MCO,758,5,15,0,,0,0,0,0,0,0
2004,1,24,6,1256,1300,1457,1512,UA,509,N513UA,121,132,104,-15,-4,IAD,MCO,758,4,13,0,,0,0,0,0,0,0
2004,1,25,7,1258,1300,1508,1512,UA,509,N527UA,130,132,110,-4,-2,IAD,MCO,758,5,15,0,,0,0,0,0,0,0
2004,1,26,1,1255,1300,1600,1512,UA,509,N519UA,185,132,119,48,-5,IAD,MCO,758,3,63,0,,0,0,0,48,0,0
2004,1,27,2,1312,1300,1616,1512,UA,509,N556UA,184,132,120,64,12,IAD,MCO,758,6,58,0,,0,0,12,52,0,0
2004,1,28,3,1256,1300,1503,1512,UA,509,N555UA,127,132,108,-9,-4,IAD,MCO,758,4,15,0,,0,0,0,0,0,0
2004,1,29,4,1256,1300,1506,1512,UA,509,N522UA,130,132,114,-6,-4,IAD,MCO,758,3,13,0,,0,0,0,0,0,0
2004,1,30,5,1300,1300,1513,1512,UA,509,N571UA,133,132,113,1,0,IAD,MCO,758,7,13,0,,0,0,0,0,0,0
2004,1,31,6,1304,1300,1521,1512,UA,509,N513UA,137,132,116,9,4,IAD,MCO,758,5,16,0,,0,0,0,0,0,0
2004,1,7,3,805,814,922,930,UA,510,N322UA,77,76,55,-8,-9,ABQ,DEN,349,8,14,0,,0,0,0,0,0,0
2004,1,8,4,808,814,927,930,UA,510,N346UA,79,76,58,-3,-6,ABQ,DEN,349,6,15,0,,0,0,0,0,0,0
2004,1,9,5,803,814,917,930,UA,510,N307UA,74,76,55,-13,-11,ABQ,DEN,349,6,13,0,,0,0,0,0,0,0
2004,1,10,6,807,814,921,930,UA,510,N304UA,74,76,58,-9,-7,ABQ,DEN,349,5,11,0,,0,0,0,0,0,0
2004,1,11,7,810,814,927,930,UA,510,N930UA,77,76,54,-3,-4,ABQ,DEN,349,6,17,0,,0,0,0,0,0,0
2004,1,12,1,804,814,916,930,UA,510,N322UA,72,76,53,-14,-10,ABQ,DEN,349,6,13,0,,0,0,0,0,0,0
2004,1,13,2,805,814,921,930,UA,510,N342UA,76,76,57,-9,-9,ABQ,DEN,349,7,12,0,,0,0,0,0,0,0
2004,1,14,3,813,814,931,930,UA,510,N345UA,78,76,57,1,-1,ABQ,DEN,349,9,12,0,,0,0,0,0,0,0
2004,1,15,4,805,814,920,930,UA,510,N323UA,75,76,57,-10,-9,ABQ,DEN,349,6,12,0,,0,0,0,0,0,0
2004,1,16,5,808,814,916,930,UA,510,N325UA,68,76,52,-14,-6,ABQ,DEN,349,7,9,0,,0,0,0,0,0,0
2004,1,17,6,812,814,921,930,UA,510,N332UA,69,76,55,-9,-2,ABQ,DEN,349,6,8,0,,0,0,0,0,0,0
2004,1,18,7,806,814,918,930,UA,510,N311UA,72,76,57,-12,-8,ABQ,DEN,349,5,10,0,,0,0,0,0,0,0
2004,1,19,1,839,814,947,930,UA,510,N321UA,68,76,54,17,25,ABQ,DEN,349,6,8,0,,0,17,0,0,0,0
2004,1,20,2,815,814,927,930,UA,510,N308UA,72,76,55,-3,1,ABQ,DEN,349,6,11,0,,0,0,0,0,0,0
2004,1,21,3,808,814,930,930,UA,510,N305UA,82,76,59,0,-6,ABQ,DEN,349,8,15,0,,0,0,0,0,0,0
2004,1,22,4,807,814,935,930,UA,510,N349UA,88,76,57,5,-7,ABQ,DEN,349,6,25,0,,0,0,0,0,0,0
2004,1,23,5,808,814,921,930,UA,510,N336UA,73,76,54,-9,-6,ABQ,DEN,349,7,12,0,,0,0,0,0,0,0
2004,1,24,6,806,814,922,930,UA,510,N347UA,76,76,54,-8,-8,ABQ,DEN,349,8,14,0,,0,0,0,0,0,0
2004,1,25,7,813,814,919,930,UA,510,N330UA,66,76,56,-11,-1,ABQ,DEN,349,5,5,0,,0,0,0,0,0,0
2004,1,26,1,837,814,1003,930,UA,510,N338UA,86,76,61,33,23,ABQ,DEN,349,7,18,0,,0,23,0,10,0,0
2004,1,27,2,811,814,936,930,UA,510,N306UA,85,76,60,6,-3,ABQ,DEN,349,6,19,0,,0,0,0,0,0,0
2004,1,28,3,811,814,928,930,UA,510,N924UA,77,76,54,-2,-3,ABQ,DEN,349,5,18,0,,0,0,0,0,0,0
2004,1,29,4,840,814,950,930,UA,510,N943UA,70,76,54,20,26,ABQ,DEN,349,4,12,0,,0,20,0,0,0,0
2004,1,30,5,808,814,928,930,UA,510,N350UA,80,76,57,-2,-6,ABQ,DEN,349,10,13,0,,0,0,0,0,0,0
2004,1,31,6,843,814,956,930,UA,510,N352UA,73,76,48,26,29,ABQ,DEN,349,6,19,0,,0,26,0,0,0,0
2004,1,1,4,1018,1020,1504,1512,UA,510,N941UA,166,172,147,-8,-2,DEN,ATL,1199,7,12,0,,0,0,0,0,0,0
2004,1,2,5,1018,1020,1519,1512,UA,510,N350UA,181,172,148,7,-2,DEN,ATL,1199,20,13,0,,0,0,0,0,0,0
2004,1,3,6,1022,1020,1537,1512,UA,510,N935UA,195,172,138,25,2,DEN,ATL,1199,5,52,0,,0,0,0,25,0,0
2004,1,4,7,1203,1020,1639,1512,UA,510,N906UA,156,172,139,87,103,DEN,ATL,1199,5,12,0,,0,10,0,0,0,77
2004,1,5,1,1057,1020,1547,1512,UA,510,N951UA,170,172,139,35,37,DEN,ATL,1199,14,17,0,,0,13,0,0,0,22
2004,1,6,2,1130,1020,1605,1512,UA,510,N950UA,155,172,138,53,70,DEN,ATL,1199,7,10,0,,0,20,0,0,0,33
2004,1,7,3,1014,1015,1501,1509,UA,510,N322UA,167,174,144,-8,-1,DEN,ATL,1199,6,17,0,,0,0,0,0,0,0
2004,1,8,4,1014,1015,1506,1509,UA,510,N310UA,172,174,143,-3,-1,DEN,ATL,1199,9,20,0,,0,0,0,0,0,0
2004,1,9,5,1015,1015,1508,1509,UA,510,N307UA,173,174,148,-1,0,DEN,ATL,1199,4,21,0,,0,0,0,0,0,0
2004,1,10,6,1010,1015,1502,1509,UA,510,N304UA,172,174,152,-7,-5,DEN,ATL,1199,6,14,0,,0,0,0,0,0,0
2004,1,11,7,1012,1015,1503,1509,UA,510,N311UA,171,174,152,-6,-3,DEN,ATL,1199,4,15,0,,0,0,0,0,0,0
2004,1,12,1,1008,1015,1502,1509,UA,510,N322UA,174,174,150,-7,-7,DEN,ATL,1199,9,15,0,,0,0,0,0,0,0
2004,1,13,2,1012,1015,1501,1509,UA,510,N342UA,169,174,151,-8,-3,DEN,ATL,1199,5,13,0,,0,0,0,0,0,0
2004,1,14,3,1013,1015,1452,1509,UA,510,N345UA,159,174,138,-17,-2,DEN,ATL,1199,5,16,0,,0,0,0,0,0,0
2004,1,15,4,1006,1015,1453,1509,UA,510,N323UA,167,174,150,-16,-9,DEN,ATL,1199,5,12,0,,0,0,0,0,0,0
2004,1,16,5,1008,1015,1505,1509,UA,510,N325UA,177,174,155,-4,-7,DEN,ATL,1199,11,11,0,,0,0,0,0,0,0
2004,1,17,6,1011,1015,1510,1509,UA,510,N332UA,179,174,157,1,-4,DEN,ATL,1199,6,16,0,,0,0,0,0,0,0
2004,1,18,7,1009,1015,1546,1509,UA,510,N311UA,217,174,153,37,-6,DEN,ATL,1199,4,60,0,,0,0,0,37,0,0
2004,1,19,1,1023,1015,1525,1509,UA,510,N321UA,182,174,154,16,8,DEN,ATL,1199,9,19,0,,0,0,0,9,0,7
2004,1,20,2,1017,1015,1459,1509,UA,510,N308UA,162,174,143,-10,2,DEN,ATL,1199,7,12,0,,0,0,0,0,0,0
2004,1,21,3,1014,1015,1506,1509,UA,510,N305UA,172,174,148,-3,-1,DEN,ATL,1199,12,12,0,,0,0,0,0,0,0
2004,1,22,4,1013,1015,1454,1509,UA,510,N349UA,161,174,144,-15,-2,DEN,ATL,1199,7,10,0,,0,0,0,0,0,0
2004,1,23,5,1012,1015,1509,1509,UA,510,N336UA,177,174,157,0,-3,DEN,ATL,1199,5,15,0,,0,0,0,0,0,0
2004,1,24,6,1011,1015,1457,1509,UA,510,N347UA,166,174,146,-12,-4,DEN,ATL,1199,4,16,0,,0,0,0,0,0,0
2004,1,25,7,1035,1015,1529,1509,UA,510,N350UA,174,174,152,20,20,DEN,ATL,1199,5,17,0,,0,0,0,20,0,0
2004,1,26,1,1036,1015,1546,1509,UA,510,N338UA,190,174,161,37,21,DEN,ATL,1199,8,21,0,,0,0,0,16,0,21
2004,1,27,2,1107,1015,1546,1509,UA,510,N306UA,159,174,135,37,52,DEN,ATL,1199,4,20,0,,0,0,0,37,0,0
2004,1,28,3,1010,1015,1459,1509,UA,510,N924UA,169,174,150,-10,-5,DEN,ATL,1199,5,14,0,,0,0,0,0,0,0
2004,1,29,4,1018,1015,1515,1509,UA,510,N943UA,177,174,147,6,3,DEN,ATL,1199,7,23,0,,0,0,0,0,0,0
2004,1,30,5,1013,1015,1513,1509,UA,510,N350UA,180,174,154,4,-2,DEN,ATL,1199,6,20,0,,0,0,0,0,0,0
2004,1,31,6,1026,1015,1512,1509,UA,510,N352UA,166,174,149,3,11,DEN,ATL,1199,7,10,0,,0,0,0,0,0,0
2004,1,3,6,603,608,931,935,UA,510,N935UA,148,147,119,-4,-5,OAK,DEN,957,13,16,0,,0,0,0,0,0,0
2004,1,1,4,1427,1430,1627,1621,UA,511,N468UA,240,231,227,6,-3,BWI,DEN,1491,4,9,0,,0,0,0,0,0,0
2004,1,2,5,1429,1430,1627,1621,UA,511,N419UA,238,231,224,6,-1,BWI,DEN,1491,4,10,0,,0,0,0,0,0,0
2004,1,3,6,1430,1430,1646,1621,UA,511,N466UA,256,231,237,25,0,BWI,DEN,1491,9,10,0,,0,0,0,25,0,0
2004,1,4,7,1438,1430,1656,1621,UA,511,N477UA,258,231,240,35,8,BWI,DEN,1491,7,11,0,,0,0,0,30,0,5
2004,1,5,1,1509,1430,1721,1621,UA,511,N431UA,252,231,230,60,39,BWI,DEN,1491,7,15,0,,0,0,0,21,0,39
2004,1,6,2,1434,1430,1641,1621,UA,511,N453UA,247,231,228,20,4,BWI,DEN,1491,5,14,0,,0,0,0,16,0,4
2004,1,1,4,1718,1720,1834,1841,UA,511,N468UA,136,141,122,-7,-2,DEN,SNA,846,4,10,0,,0,0,0,0,0,0
2004,1,2,5,1815,1720,1947,1841,UA,511,N824UA,152,141,137,66,55,DEN,SNA,846,5,10,0,,0,0,0,14,0,52
2004,1,3,6,1735,1720,1909,1841,UA,511,N466UA,154,141,129,28,15,DEN,SNA,846,3,22,0,,0,9,0,13,0,6
2004,1,4,7,1732,1720,1913,1841,UA,511,N498UA,161,141,123,32,12,DEN,SNA,846,22,16,0,,0,12,0,20,0,0
2004,1,5,1,1822,1720,1933,1841,UA,511,N431UA,131,141,118,52,62,DEN,SNA,846,3,10,0,,0,18,0,0,0,34
2004,1,6,2,1731,1720,1846,1841,UA,511,N453UA,135,141,120,5,11,DEN,SNA,846,4,11,0,,0,0,0,0,0,0
2004,1,7,3,1703,1705,1824,1828,UA,511,N440UA,141,143,126,-4,-2,DEN,SNA,846,4,11,0,,0,0,0,0,0,0
2004,1,8,4,1705,1705,1815,1828,UA,511,N415UA,130,143,113,-13,0,DEN,SNA,846,5,12,0,,0,0,0,0,0,0
2004,1,9,5,1701,1705,1809,1828,UA,511,N440UA,128,143,114,-19,-4,DEN,SNA,846,4,10,0,,0,0,0,0,0,0
2004,1,10,6,1700,1702,1809,1825,UA,511,N440UA,129,143,115,-16,-2,DEN,SNA,846,5,9,0,,0,0,0,0,0,0
2004,1,11,7,1702,1705,1819,1828,UA,511,N428UA,137,143,120,-9,-3,DEN,SNA,846,5,12,0,,0,0,0,0,0,0
2004,1,12,1,1700,1705,1808,1828,UA,511,N445UA,128,143,115,-20,-5,DEN,SNA,846,5,8,0,,0,0,0,0,0,0
2004,1,13,2,1756,1705,1905,1828,UA,511,N471UA,129,143,114,37,51,DEN,SNA,846,5,10,0,,0,0,0,0,0,37
2004,1,14,3,1701,1705,1810,1828,UA,511,N452UA,129,143,113,-18,-4,DEN,SNA,846,4,12,0,,0,0,0,0,0,0
2004,1,15,4,1659,1705,1814,1828,UA,511,N479UA,135,143,115,-14,-6,DEN,SNA,846,6,14,0,,0,0,0,0,0,0
2004,1,16,5,1828,1705,1930,1828,UA,511,N489UA,122,143,105,62,83,DEN,SNA,846,4,13,0,,0,0,0,0,0,62
2004,1,17,6,1703,1702,1812,1825,UA,511,N437UA,129,143,108,-13,1,DEN,SNA,846,5,16,0,,0,0,0,0,0,0
2004,1,18,7,1700,1705,1815,1828,UA,511,N445UA,135,143,119,-13,-5,DEN,SNA,846,4,12,0,,0,0,0,0,0,0
2004,1,19,1,1703,1705,1821,1828,UA,511,N448UA,138,143,120,-7,-2,DEN,SNA,846,5,13,0,,0,0,0,0,0,0
2004,1,20,2,1659,1705,1815,1828,UA,511,N498UA,136,143,115,-13,-6,DEN,SNA,846,8,13,0,,0,0,0,0,0,0
2004,1,21,3,1934,1705,2032,1828,UA,511,N431UA,118,143,106,124,149,DEN,SNA,846,3,9,0,,0,0,0,0,0,124
2004,1,22,4,1702,1705,1810,1828,UA,511,N491UA,128,143,105,-18,-3,DEN,SNA,846,12,11,0,,0,0,0,0,0,0
2004,1,23,5,1702,1705,1824,1828,UA,511,N466UA,142,143,110,-4,-3,DEN,SNA,846,6,26,0,,0,0,0,0,0,0
2004,1,24,6,1703,1702,1825,1825,UA,511,N926UA,142,143,118,0,1,DEN,SNA,846,6,18,0,,0,0,0,0,0,0
2004,1,25,7,1711,1705,1845,1828,UA,511,N854UA,154,143,111,17,6,DEN,SNA,846,5,38,0,,0,0,6,11,0,0
2004,1,26,1,1700,1705,1828,1828,UA,511,N847UA,148,143,118,0,-5,DEN,SNA,846,9,21,0,,0,0,0,0,0,0
2004,1,27,2,1700,1705,1816,1828,UA,511,N421UA,136,143,116,-12,-5,DEN,SNA,846,7,13,0,,0,0,0,0,0,0
2004,1,28,3,1705,1705,1830,1828,UA,511,N461UA,145,143,112,2,0,DEN,SNA,846,21,12,0,,0,0,0,0,0,0
2004,1,29,4,1703,1705,1810,1828,UA,511,N443UA,127,143,109,-18,-2,DEN,SNA,846,6,12,0,,0,0,0,0,0,0
2004,1,30,5,1728,1705,1850,1828,UA,511,N411UA,142,143,127,22,23,DEN,SNA,846,4,11,0,,0,12,0,0,0,10
2004,1,31,6,1701,1702,1832,1825,UA,511,N844UA,151,143,115,7,-1,DEN,SNA,846,4,32,0,,0,0,0,0,0,0
2004,1,1,4,1528,1530,2108,2110,UA,512,N344UA,220,220,205,-2,-2,DEN,MIA,1709,5,10,0,,0,0,0,0,0,0
2004,1,2,5,1530,1530,2100,2108,UA,512,N431UA,210,218,195,-8,0,DEN,MIA,1709,4,11,0,,0,0,0,0,0,0
2004,1,3,6,1552,1530,2118,2110,UA,512,N325UA,206,220,192,8,22,DEN,MIA,1709,4,10,0,,0,0,0,0,0,0
2004,1,4,7,1538,1530,2112,2110,UA,512,N315UA,214,220,196,2,8,DEN,MIA,1709,6,12,0,,0,0,0,0,0,0
2004,1,5,1,1540,1530,2108,2110,UA,512,N352UA,208,220,193,-2,10,DEN,MIA,1709,4,11,0,,0,0,0,0,0,0
2004,1,6,2,1532,1530,2100,2110,UA,512,N321UA,208,220,188,-10,2,DEN,MIA,1709,4,16,0,,0,0,0,0,0,0
2004,1,7,3,1542,1545,2108,2119,UA,512,N542UA,206,214,185,-11,-3,DEN,MIA,1709,5,16,0,,0,0,0,0,0,0
2004,1,8,4,1549,1545,2120,2119,UA,512,N567UA,211,214,191,1,4,DEN,MIA,1709,4,16,0,,0,0,0,0,0,0
2004,1,9,5,1542,1545,2107,2119,UA,512,N571UA,205,214,185,-12,-3,DEN,MIA,1709,6,14,0,,0,0,0,0,0,0
2004,1,10,6,1544,1545,2120,2119,UA,512,N530UA,216,214,198,1,-1,DEN,MIA,1709,7,11,0,,0,0,0,0,0,0
2004,1,11,7,1542,1545,2106,2119,UA,512,N565UA,204,214,187,-13,-3,DEN,MIA,1709,4,13,0,,0,0,0,0,0,0
2004,1,12,1,1541,1545,2104,2119,UA,512,N574UA,203,214,188,-15,-4,DEN,MIA,1709,4,11,0,,0,0,0,0,0,0
2004,1,13,2,1541,1545,2052,2119,UA,512,N537UA,191,214,176,-27,-4,DEN,MIA,1709,4,11,0,,0,0,0,0,0,0
2004,1,14,3,1542,1545,2110,2119,UA,512,N584UA,208,214,190,-9,-3,DEN,MIA,1709,5,13,0,,0,0,0,0,0,0
2004,1,15,4,1545,1545,2115,2119,UA,512,N506UA,210,214,190,-4,0,DEN,MIA,1709,7,13,0,,0,0,0,0,0,0
2004,1,16,5,1545,1545,2117,2119,UA,512,N554UA,212,214,187,-2,0,DEN,MIA,1709,6,19,0,,0,0,0,0,0,0
2004,1,17,6,1544,1545,2127,2119,UA,512,N507UA,223,214,204,8,-1,DEN,MIA,1709,5,14,0,,0,0,0,0,0,0
2004,1,18,7,1544,1545,2130,2119,UA,512,N528UA,226,214,199,11,-1,DEN,MIA,1709,8,19,0,,0,0,0,0,0,0
2004,1,19,1,1541,1545,2113,2119,UA,512,N502UA,212,214,191,-6,-4,DEN,MIA,1709,5,16,0,,0,0,0,0,0,0
2004,1,20,2,1545,1545,2104,2119,UA,512,N542UA,199,214,175,-15,0,DEN,MIA,1709,5,19,0,,0,0,0,0,0,0
2004,1,21,3,1544,1545,2113,2119,UA,512,N554UA,209,214,187,-6,-1,DEN,MIA,1709,6,16,0,,0,0,0,0,0,0
2004,1,22,4,1543,1545,2056,2119,UA,512,N532UA,193,214,177,-23,-2,DEN,MIA,1709,6,10,0,,0,0,0,0,0,0
2004,1,23,5,1543,1545,2106,2119,UA,512,N524UA,203,214,183,-13,-2,DEN,MIA,1709,5,15,0,,0,0,0,0,0,0
2004,1,24,6,1547,1545,2121,2119,UA,512,N505UA,214,214,196,2,2,DEN,MIA,1709,5,13,0,,0,0,0,0,0,0
2004,1,25,7,1543,1545,2213,2119,UA,512,N522UA,270,214,197,54,-2,DEN,MIA,1709,5,68,0,,0,0,0,54,0,0
2004,1,26,1,1558,1545,2123,2119,UA,512,N581UA,205,214,184,4,13,DEN,MIA,1709,4,17,0,,0,0,0,0,0,0
2004,1,27,2,1536,1545,2127,2119,UA,512,N519UA,231,214,197,8,-9,DEN,MIA,1709,8,26,0,,0,0,0,0,0,0
2004,1,28,3,1542,1545,2124,2119,UA,512,N556UA,222,214,200,5,-3,DEN,MIA,1709,5,17,0,,0,0,0,0,0,0
